%Time,Header_sequence,Header_secs,Header_nsecs,Pose_x,Pose_y,Pose_z,Orientation_x,Orientation_y,Orientation_z,Orientation_w
1449280275186839066,620,1449280274,989865705,0.0,0.0,1.5,0.0,0.0,0.0,1.0
1449280275186843246,621,1449280275,9791783,0.0,0.0,1.5,0.0,0.0,0.0,1.0
1449280275186859619,622,1449280275,29893643,0.0,0.0,1.5,0.0,0.0,0.0,1.0
1449280275186867367,623,1449280275,49829887,0.0,0.0,1.5,0.0,0.0,0.0,1.0
1449280275186872123,624,1449280275,69818170,0.0,0.0,1.5,0.0,0.0,0.0,1.0
1449280275186888485,625,1449280275,89788246,0.0,0.0,1.5,0.0,0.0,0.0,1.0
1449280275186894790,626,1449280275,109817401,0.0,0.0,1.5,0.0,0.0,0.0,1.0
1449280275186962435,627,1449280275,130166166,0.0,0.0,1.5,0.0,0.0,0.0,1.0
1449280275206614188,628,1449280275,149841340,0.0,0.0,1.5,0.0,0.0,0.0,1.0
1449280275226108886,629,1449280275,169826040,0.0,0.0,1.5,0.0,0.0,0.0,1.0
1449280275247137272,630,1449280275,189832738,0.0,0.0,1.5,0.0,0.0,0.0,1.0
1449280275267224178,631,1449280275,209815230,0.0,0.0,1.5,0.0,0.0,0.0,1.0
1449280275286995857,632,1449280275,229818262,0.0,0.0,1.5,0.0,0.0,0.0,1.0
1449280275306799885,633,1449280275,249863125,0.0,0.0,1.5,0.0,0.0,0.0,1.0
1449280275327642302,634,1449280275,269831826,0.0,0.0,1.5,0.0,0.0,0.0,1.0
1449280275346072894,635,1449280275,289827150,0.0,0.0,1.5,0.0,0.0,0.0,1.0
1449280275366621465,636,1449280275,309831141,0.0,0.0,1.5,0.0,0.0,0.0,1.0
1449280275387121928,637,1449280275,330162781,0.0,0.0,1.5,0.0,0.0,0.0,1.0
1449280275411488274,638,1449280275,349799915,0.0,0.0,1.5,0.0,0.0,0.0,1.0
1449280275426468714,639,1449280275,369793614,0.0,0.0,1.5,0.0,0.0,0.0,1.0
1449280275447551004,640,1449280275,389830478,0.0,0.0,1.5,0.0,0.0,0.0,1.0
1449280275468550544,641,1449280275,409818220,0.0,0.0,1.5,0.0,0.0,0.0,1.0
1449280275486484078,642,1449280275,429841126,0.0,0.0,1.5,0.0,0.0,0.0,1.0
1449280275508205950,643,1449280275,449804618,0.0,0.0,1.5,0.0,0.0,0.0,1.0
1449280275526555940,644,1449280275,469821525,0.0,0.0,1.5,0.0,0.0,0.0,1.0
1449280275549588395,645,1449280275,489802225,0.0,0.0,1.5,0.0,0.0,0.0,1.0
1449280275567780770,646,1449280275,509784716,0.0,0.0,1.5,0.0,0.0,0.0,1.0
1449280275588177446,647,1449280275,529813955,0.0,0.0,1.5,0.0,0.0,0.0,1.0
1449280275607204600,648,1449280275,549897442,0.0,0.0,1.5,0.0,0.0,0.0,1.0
1449280275630292241,649,1449280275,569815228,0.0,0.0,1.5,0.0,0.0,0.0,1.0
1449280275647168884,650,1449280275,589798261,0.0,0.0,1.5,0.0,0.0,0.0,1.0
1449280275666468632,651,1449280275,609808460,0.0,0.0,1.5,0.0,0.0,0.0,1.0
1449280275688216347,652,1449280275,629837949,0.0,0.0,1.5,0.0,0.0,0.0,1.0
1449280275707391526,653,1449280275,649820107,0.0,0.0,1.5,0.0,0.0,0.0,1.0
1449280275731024382,654,1449280275,669834389,0.0,0.0,1.5,0.0,0.0,0.0,1.0
1449280275746547961,655,1449280275,689824422,0.0,0.0,1.5,0.0,0.0,0.0,1.0
1449280275770364761,656,1449280275,709809080,0.0,0.0,1.5,0.0,0.0,0.0,1.0
1449280275786316550,657,1449280275,729882275,0.0,0.0,1.5,0.0,0.0,0.0,1.0
1449280275806697936,658,1449280275,749873808,0.0,0.0,1.5,0.0,0.0,0.0,1.0
1449280275827469194,659,1449280275,769896797,0.0,0.0,1.5,0.0,0.0,0.0,1.0
1449280275846434430,660,1449280275,789856207,0.0,0.0,1.5,0.0,0.0,0.0,1.0
1449280275867913344,661,1449280275,809919278,0.0,0.0,1.5,0.0,0.0,0.0,1.0
1449280275886896888,662,1449280275,829806691,0.0,0.0,1.5,0.0,0.0,0.0,1.0
1449280275907158198,663,1449280275,849811598,0.0,0.0,1.5,0.0,0.0,0.0,1.0
1449280275926307218,664,1449280275,869800714,0.0,0.0,1.5,0.0,0.0,0.0,1.0
1449280275947470602,665,1449280275,889818579,0.0,0.0,1.5,0.0,0.0,0.0,1.0
1449280275966184744,666,1449280275,909920064,0.0,0.0,1.5,0.0,0.0,0.0,1.0
1449280275986726923,667,1449280275,929850183,0.0,0.0,1.5,0.0,0.0,0.0,1.0
1449280276006552913,668,1449280275,949820384,0.0,0.0,1.5,0.0,0.0,0.0,1.0
1449280276027127495,669,1449280275,969811500,0.0,0.0,1.5,0.0,0.0,0.0,1.0
1449280276047338534,670,1449280275,989797200,0.0,0.0,1.5,0.0,0.0,0.0,1.0
1449280276067816662,671,1449280276,9839980,0.0,0.0,1.5,0.0,0.0,0.0,1.0
1449280276087052167,672,1449280276,29845304,0.0,0.0,1.5,0.0,0.0,0.0,1.0
1449280276106818515,673,1449280276,49819962,0.0,0.0,1.5,0.0,0.0,0.0,1.0
1449280276126836212,674,1449280276,69812911,0.0,0.0,1.5,0.0,0.0,0.0,1.0
1449280276147032253,675,1449280276,89839359,0.0,0.0,1.5,0.0,0.0,0.0,1.0
1449280276167277922,676,1449280276,109804226,0.0,0.0,1.5,0.0,0.0,0.0,1.0
1449280276187092869,677,1449280276,130089619,0.0,0.0,1.5,0.0,0.0,0.0,1.0
1449280276206560087,678,1449280276,149831665,0.0,0.0,1.5,0.0,0.0,0.0,1.0
1449280276226639090,679,1449280276,169801240,0.0,0.0,1.5,0.0,0.0,0.0,1.0
1449280276246451774,680,1449280276,189849145,0.0,0.0,1.5,0.0,0.0,0.0,1.0
1449280276266655827,681,1449280276,209841678,0.0,0.0,1.5,0.0,0.0,0.0,1.0
1449280276286650367,682,1449280276,229855793,0.0,0.0,1.5,0.0,0.0,0.0,1.0
1449280276306576441,683,1449280276,249785078,0.0,0.0,1.5,0.0,0.0,0.0,1.0
1449280276326902671,684,1449280276,269842816,0.0,0.0,1.5,0.0,0.0,0.0,1.0
1449280276347755706,685,1449280276,289848848,0.0,0.0,1.5,0.0,0.0,0.0,1.0
1449280276366446933,686,1449280276,309842506,0.0,0.0,1.5,0.0,0.0,0.0,1.0
1449280276387926109,687,1449280276,329902618,0.0,0.0,1.5,0.0,0.0,0.0,1.0
1449280276406729143,688,1449280276,349843029,0.0,0.0,1.5,0.0,0.0,0.0,1.0
1449280276427403219,689,1449280276,369862727,0.0,0.0,1.5,0.0,0.0,0.0,1.0
1449280276446406769,690,1449280276,389827427,0.0,0.0,1.5,0.0,0.0,0.0,1.0
1449280276467381997,691,1449280276,409843459,0.0,0.0,1.5,0.0,0.0,0.0,1.0
1449280276486273562,692,1449280276,429795243,0.0,0.0,1.5,0.0,0.0,0.0,1.0
1449280276507814905,693,1449280276,449802525,0.0,0.0,1.5,0.0,0.0,0.0,1.0
1449280276527595116,694,1449280276,469821348,0.0,0.0,1.5,0.0,0.0,0.0,1.0
1449280276548963306,695,1449280276,489811173,0.0,0.0,1.5,0.0,0.0,0.0,1.0
1449280276567334975,696,1449280276,509809622,0.0,0.0,1.5,0.0,0.0,0.0,1.0
1449280276587066413,697,1449280276,529770698,0.0,0.0,1.5,0.0,0.0,0.0,1.0
1449280276610487880,698,1449280276,549850893,0.0,0.0,1.5,0.0,0.0,0.0,1.0
1449280276626515151,699,1449280276,569812719,0.0,0.0,1.5,0.0,0.0,0.0,1.0
1449280276646462771,700,1449280276,589857915,0.0,0.0,1.5,0.0,0.0,0.0,1.0
1449280276666766704,701,1449280276,609825033,0.0,0.0,1.5,0.0,0.0,0.0,1.0
1449280276687246206,702,1449280276,629851522,0.0,0.0,1.5,0.0,0.0,0.0,1.0
1449280276707641367,703,1449280276,649807848,0.0,0.0,1.5,0.0,0.0,0.0,1.0
1449280276728061459,704,1449280276,669787506,0.0,0.0,1.5,0.0,0.0,0.0,1.0
1449280276747865879,705,1449280276,689851660,0.0,0.0,1.5,0.0,0.0,0.0,1.0
1449280276766623861,706,1449280276,709807987,0.0,0.0,1.5,0.0,0.0,0.0,1.0
1449280276790192705,707,1449280276,729848433,0.0,0.0,1.5,0.0,0.0,0.0,1.0
1449280276806688768,708,1449280276,749822384,0.0,0.0,1.5,0.0,0.0,0.0,1.0
1449280276827132375,709,1449280276,769838040,0.0,0.0,1.5,0.0,0.0,0.0,1.0
1449280276846394617,710,1449280276,789829740,0.0,0.0,1.5,0.0,0.0,0.0,1.0
1449280276867724009,711,1449280276,809795607,0.0,0.0,1.5,0.0,0.0,0.0,1.0
1449280276886735833,712,1449280276,829818846,0.0,0.0,1.5,0.0,0.0,0.0,1.0
1449280276906887905,713,1449280276,849801213,0.0,0.0,1.5,0.0,0.0,0.0,1.0
1449280276926699664,714,1449280276,869801204,0.0,0.0,1.5,0.0,0.0,0.0,1.0
1449280276948189940,715,1449280276,889820318,0.0,0.0,1.5,0.0,0.0,0.0,1.0
1449280276966828844,716,1449280276,909834516,0.0,0.0,1.5,0.0,0.0,0.0,1.0
1449280276988050962,717,1449280276,929832132,0.0,0.0,1.5,0.0,0.0,0.0,1.0
1449280277006895190,718,1449280276,949809499,0.0,0.0,1.5,0.0,0.0,0.0,1.0
1449280277027177823,719,1449280276,969813989,0.0,0.0,1.5,0.0,0.0,0.0,1.0
1449280277047216397,720,1449280276,989807355,0.0,0.0,1.5,0.0,0.0,0.0,1.0
1449280277068976184,721,1449280277,9794513,0.0,0.0,1.5,0.0,0.0,0.0,1.0
1449280277087113673,722,1449280277,29834252,0.0,0.0,1.5,0.0,0.0,0.0,1.0
1449280277106692910,723,1449280277,49817035,0.0,0.0,1.5,0.0,0.0,0.0,1.0
1449280277126792016,724,1449280277,69800443,0.0,0.0,1.5,0.0,0.0,0.0,1.0
1449280277147691668,725,1449280277,90713679,0.0,0.0,1.5,0.0,0.0,0.0,1.0
1449280277166979237,726,1449280277,110253485,0.0,0.0,1.5,0.0,0.0,0.0,1.0
1449280277188523805,727,1449280277,129826747,0.0,0.0,1.5,0.0,0.0,0.0,1.0
1449280277206808070,728,1449280277,149816904,0.0,0.0,1.5,0.0,0.0,0.0,1.0
1449280277226695073,729,1449280277,169818728,0.0,0.0,1.5,0.0,0.0,0.0,1.0
1449280277246823625,730,1449280277,189905381,0.0,0.0,1.5,0.0,0.0,0.0,1.0
1449280277266957195,731,1449280277,209934870,0.0,0.0,1.5,0.0,0.0,0.0,1.0
1449280277287136660,732,1449280277,229824408,0.0,0.0,1.5,0.0,0.0,0.0,1.0
1449280277307524905,733,1449280277,249837065,0.0,0.0,1.5,0.0,0.0,0.0,1.0
1449280277327909493,734,1449280277,269817640,0.0,0.0,1.5,0.0,0.0,0.0,1.0
1449280277346298740,735,1449280277,289796673,0.0,0.0,1.5,0.0,0.0,0.0,1.0
1449280277368124603,736,1449280277,309808455,0.0,0.0,1.5,0.0,0.0,0.0,1.0
1449280277387634096,737,1449280277,329801696,0.0,0.0,1.5,0.0,0.0,0.0,1.0
1449280277407216868,738,1449280277,349809727,0.0,0.0,1.5,0.0,0.0,0.0,1.0
1449280277429938436,739,1449280277,369848633,0.0,0.0,1.5,0.0,0.0,0.0,1.0
1449280277447541070,740,1449280277,389803501,0.0,0.0,1.5,0.0,0.0,0.0,1.0
1449280277467085474,741,1449280277,409849280,0.0,0.0,1.5,0.0,0.0,0.0,1.0
1449280277486838329,742,1449280277,429803482,0.0,0.0,1.5,0.0,0.0,0.0,1.0
1449280277507015428,743,1449280277,449825721,0.0,0.0,1.5,0.0,0.0,0.0,1.0
1449280277527125591,744,1449280277,469816671,0.0,0.0,1.5,0.0,0.0,0.0,1.0
1449280277547409543,745,1449280277,489895240,0.0,0.0,1.5,0.0,0.0,0.0,1.0
1449280277567644417,746,1449280277,510175717,0.0,0.0,1.5,0.0,0.0,0.0,1.0
1449280277586836968,747,1449280277,529801976,0.0,0.0,1.5,0.0,0.0,0.0,1.0
1449280277609169281,748,1449280277,549865005,0.0,0.0,1.5,0.0,0.0,0.0,1.0
1449280277626868931,749,1449280277,569832581,0.0,0.0,1.5,0.0,0.0,0.0,1.0
1449280277647516928,750,1449280277,589828405,0.0,0.0,1.5,0.0,0.0,0.0,1.0
1449280277667591647,751,1449280277,609904267,0.0,0.0,1.5,0.0,0.0,0.0,1.0
1449280277687198144,752,1449280277,629832178,0.0,0.0,1.5,0.0,0.0,0.0,1.0
1449280277706536539,753,1449280277,649817044,0.0,0.0,1.5,0.0,0.0,0.0,1.0
1449280277726844846,754,1449280277,669800161,0.0,0.0,1.5,0.0,0.0,0.0,1.0
1449280277746848846,755,1449280277,689802693,0.0,0.0,1.5,0.0,0.0,0.0,1.0
1449280277766860464,756,1449280277,709797517,0.0,0.0,1.5,0.0,0.0,0.0,1.0
1449280277787297380,757,1449280277,729818506,0.0,0.0,1.5,0.0,0.0,0.0,1.0
1449280277806071886,758,1449280277,749850204,0.0,0.0,1.5,0.0,0.0,0.0,1.0
1449280277827047566,759,1449280277,769872276,0.0,0.0,1.5,0.0,0.0,0.0,1.0
1449280277847219035,760,1449280277,789812728,0.0,0.0,1.5,0.0,0.0,0.0,1.0
1449280277866726898,761,1449280277,809812261,0.0,0.0,1.5,0.0,0.0,0.0,1.0
1449280277887040118,762,1449280277,829809460,0.0,0.0,1.5,0.0,0.0,0.0,1.0
1449280277906469254,763,1449280277,849859323,0.0,0.0,1.5,0.0,0.0,0.0,1.0
1449280277927193064,764,1449280277,869837481,0.0,0.0,1.5,0.0,0.0,0.0,1.0
1449280277947022859,765,1449280277,889835847,0.0,0.0,1.5,0.0,0.0,0.0,1.0
1449280277966590902,766,1449280277,909791923,0.0,0.0,1.5,0.0,0.0,0.0,1.0
1449280277986545281,767,1449280277,929818329,0.0,0.0,1.5,0.0,0.0,0.0,1.0
1449280278012403262,768,1449280277,949796779,0.0,0.0,1.5,0.0,0.0,0.0,1.0
1449280278026793936,769,1449280277,969791728,0.0,0.0,1.5,0.0,0.0,0.0,1.0
1449280278046615162,770,1449280277,989811509,0.0,0.0,1.5,0.0,0.0,0.0,1.0
1449280278066963465,771,1449280278,9846665,0.0,0.0,1.5,0.0,0.0,0.0,1.0
1449280278088256314,772,1449280278,29797366,0.0,0.0,1.5,0.0,0.0,0.0,1.0
1449280278106569165,773,1449280278,49792690,0.0,0.0,1.5,0.0,0.0,0.0,1.0
1449280278127140738,774,1449280278,69818638,0.0,0.0,1.5,0.0,0.0,0.0,1.0
1449280278146578417,775,1449280278,89782005,0.0,0.0,1.5,0.0,0.0,0.0,1.0
1449280278167086669,776,1449280278,109845326,0.0,0.0,1.5,0.0,0.0,0.0,1.0
1449280278187054997,777,1449280278,129852024,0.0,0.0,1.5,0.0,0.0,0.0,1.0
1449280278206908700,778,1449280278,149838682,0.0,0.0,1.5,0.0,0.0,0.0,1.0
1449280278226258640,779,1449280278,169815216,0.0,0.0,1.5,0.0,0.0,0.0,1.0
1449280278248951144,780,1449280278,189802374,0.0,0.0,1.5,0.0,0.0,0.0,1.0
1449280278267200072,781,1449280278,209819572,0.0,0.0,1.5,0.0,0.0,0.0,1.0
1449280278289562836,782,1449280278,229824187,0.0,0.0,1.5,0.0,0.0,0.0,1.0
1449280278306535045,783,1449280278,249810553,0.0,0.0,1.5,0.0,0.0,0.0,1.0
1449280278327307044,784,1449280278,269787003,0.0,0.0,1.5,0.0,0.0,0.0,1.0
1449280278346649777,785,1449280278,289803868,0.0,0.0,1.5,0.0,0.0,0.0,1.0
1449280278367726141,786,1449280278,309818066,0.0,0.0,1.5,0.0,0.0,0.0,1.0
1449280278386863482,787,1449280278,329824015,0.0,0.0,1.5,0.0,0.0,0.0,1.0
1449280278407975037,788,1449280278,349816214,0.0,0.0,1.5,0.0,0.0,0.0,1.0
1449280278428268657,789,1449280278,369874285,0.0,0.0,1.5,0.0,0.0,0.0,1.0
1449280278448764624,790,1449280278,389820653,0.0,0.0,1.5,0.0,0.0,0.0,1.0
1449280278467250761,791,1449280278,409822310,0.0,0.0,1.5,0.0,0.0,0.0,1.0
1449280278486978979,792,1449280278,429827509,0.0,0.0,1.5,0.0,0.0,0.0,1.0
1449280278507028302,793,1449280278,449817583,0.0,0.0,1.5,0.0,0.0,0.0,1.0
1449280278531111423,794,1449280278,469824199,0.0,0.0,1.5,0.0,0.0,0.0,1.0
1449280278546666734,795,1449280278,489777483,0.0,0.0,1.5,0.0,0.0,0.0,1.0
1449280278567924135,796,1449280278,509879135,0.0,0.0,1.5,0.0,0.0,0.0,1.0
1449280278587178059,797,1449280278,529827462,0.0,0.0,1.5,0.0,0.0,0.0,1.0
1449280278608455810,798,1449280278,549823619,0.0,0.0,1.5,0.0,0.0,0.0,1.0
1449280278626974044,799,1449280278,569812194,0.0,0.0,1.5,0.0,0.0,0.0,1.0
1449280278647134991,800,1449280278,589824517,0.0,0.0,1.5,0.0,0.0,0.0,1.0
1449280278666679933,801,1449280278,609892462,0.0,0.0,1.5,0.0,0.0,0.0,1.0
1449280278689080609,802,1449280278,629891203,0.0,0.0,1.5,0.0,0.0,0.0,1.0
1449280278713043852,803,1449280278,649786324,0.0,0.0,1.5,0.0,0.0,0.0,1.0
1449280278727273948,804,1449280278,669860936,0.0,0.0,1.5,0.0,0.0,0.0,1.0
1449280278746812700,805,1449280278,689825719,0.0,0.0,1.5,0.0,0.0,0.0,1.0
1449280278768564332,806,1449280278,709824835,0.0,0.0,1.5,0.0,0.0,0.0,1.0
1449280278787115221,807,1449280278,729827201,0.0,0.0,1.5,0.0,0.0,0.0,1.0
1449280278806898061,808,1449280278,750054638,0.0,0.0,1.5,0.0,0.0,0.0,1.0
1449280278827138460,809,1449280278,769856805,0.0,0.0,1.5,0.0,0.0,0.0,1.0
1449280278846549594,810,1449280278,789788841,0.0,0.0,1.5,0.0,0.0,0.0,1.0
1449280278866125018,811,1449280278,809854953,0.0,0.0,1.5,0.0,0.0,0.0,1.0
1449280278886852200,812,1449280278,829803988,0.0,0.0,1.5,0.0,0.0,0.0,1.0
1449280278906996739,813,1449280278,849810186,0.0,0.0,1.5,0.0,0.0,0.0,1.0
1449280278927293177,814,1449280278,869806760,0.0,0.0,1.5,0.0,0.0,0.0,1.0
1449280278946988539,815,1449280278,889788085,0.0,0.0,1.5,0.0,0.0,0.0,1.0
1449280278966530415,816,1449280278,909780868,0.0,0.0,1.5,0.0,0.0,0.0,1.0
1449280278986806598,817,1449280278,929804440,0.0,0.0,1.5,0.0,0.0,0.0,1.0
1449280279006799064,818,1449280278,949797348,0.0,0.0,1.5,0.0,0.0,0.0,1.0
1449280279027246541,819,1449280278,969811171,0.0,0.0,1.5,0.0,0.0,0.0,1.0
1449280279046964443,820,1449280278,989853535,0.0,0.0,1.5,0.0,0.0,0.0,1.0
1449280279067124802,821,1449280279,9831943,0.0,0.0,1.5,0.0,0.0,0.0,1.0
1449280279086471910,822,1449280279,29787602,0.0,0.0,1.5,0.0,0.0,0.0,1.0
1449280279109154733,823,1449280279,49788884,0.0,0.0,1.5,0.0,0.0,0.0,1.0
1449280279126753468,824,1449280279,69837039,0.0,0.0,1.5,0.0,0.0,0.0,1.0
1449280279147941900,825,1449280279,89793907,0.0,0.0,1.5,0.0,0.0,0.0,1.0
1449280279169405491,826,1449280279,109849145,0.0,0.0,1.5,0.0,0.0,0.0,1.0
1449280279188048983,827,1449280279,129807721,0.0,0.0,1.5,0.0,0.0,0.0,1.0
1449280279206707649,828,1449280279,149786004,0.0,0.0,1.5,0.0,0.0,0.0,1.0
1449280279227017968,829,1449280279,169824534,0.0,0.0,1.5,0.0,0.0,0.0,1.0
1449280279247231982,830,1449280279,189793651,0.0,0.0,1.5,0.0,0.0,0.0,1.0
1449280279267732439,831,1449280279,209818099,0.0,0.0,1.5,0.0,0.0,0.0,1.0
1449280279286470499,832,1449280279,229814589,0.0,0.0,1.5,0.0,0.0,0.0,1.0
1449280279307861005,833,1449280279,249811497,0.0,0.0,1.5,0.0,0.0,0.0,1.0
1449280279327019610,834,1449280279,269818320,0.0,0.0,1.5,0.0,0.0,0.0,1.0
1449280279350610238,835,1449280279,289815269,0.0,0.0,1.5,0.0,0.0,0.0,1.0
1449280279367000136,836,1449280279,309807385,0.0,0.0,1.5,0.0,0.0,0.0,1.0
1449280279387452735,837,1449280279,329833124,0.0,0.0,1.5,0.0,0.0,0.0,1.0
1449280279406743073,838,1449280279,349788451,0.0,0.0,1.5,0.0,0.0,0.0,1.0
1449280279427491142,839,1449280279,369856396,0.0,0.0,1.5,0.0,0.0,0.0,1.0
1449280279446900913,840,1449280279,389808097,0.0,0.0,1.5,0.0,0.0,0.0,1.0
1449280279467388203,841,1449280279,409945497,0.0,0.0,1.5,0.0,0.0,0.0,1.0
1449280279486774594,842,1449280279,429860367,0.0,0.0,1.5,0.0,0.0,0.0,1.0
1449280279506598887,843,1449280279,449807444,0.0,0.0,1.5,0.0,0.0,0.0,1.0
1449280279526804403,844,1449280279,469866390,0.0,0.0,1.5,0.0,0.0,0.0,1.0
1449280279547303692,845,1449280279,489823424,0.0,0.0,1.5,0.0,0.0,0.0,1.0
1449280279566483368,846,1449280279,509835164,0.0,0.0,1.5,0.0,0.0,0.0,1.0
1449280279587081101,847,1449280279,529839404,0.0,0.0,1.5,0.0,0.0,0.0,1.0
1449280279607832843,848,1449280279,549840603,0.0,0.0,1.5,0.0,0.0,0.0,1.0
1449280279627029409,849,1449280279,569961004,0.0,0.0,1.5,0.0,0.0,0.0,1.0
1449280279646882770,850,1449280279,589826793,0.0,0.0,1.5,0.0,0.0,0.0,1.0
1449280279667119247,851,1449280279,609854740,0.0,0.0,1.5,0.0,0.0,0.0,1.0
1449280279688099329,852,1449280279,629848315,0.0,0.0,1.5,0.0,0.0,0.0,1.0
1449280279707792397,853,1449280279,650160289,0.0,0.0,1.5,0.0,0.0,0.0,1.0
1449280279726689916,854,1449280279,669827297,0.0,0.0,1.5,0.0,0.0,0.0,1.0
1449280279746903697,855,1449280279,689876076,0.0,0.0,1.5,0.0,0.0,0.0,1.0
1449280279766968142,856,1449280279,709857068,0.0,0.0,1.5,0.0,0.0,0.0,1.0
1449280279787679501,857,1449280279,729856600,0.0,0.0,1.5,0.0,0.0,0.0,1.0
1449280279806583501,858,1449280279,749910505,0.0,0.0,1.5,0.0,0.0,0.0,1.0
1449280279827025138,859,1449280279,769887205,0.0,0.0,1.5,0.0,0.0,0.0,1.0
1449280279848025454,860,1449280279,789863655,0.0,0.0,1.5,0.0,0.0,0.0,1.0
1449280279868149014,861,1449280279,809831563,0.0,0.0,1.5,0.0,0.0,0.0,1.0
1449280279887355059,862,1449280279,829856886,0.0,0.0,1.5,0.0,0.0,0.0,1.0
1449280279907891215,863,1449280279,850247898,0.0,0.0,1.5,0.0,0.0,0.0,1.0
1449280279927726365,864,1449280279,869903656,0.0,0.0,1.5,0.0,0.0,0.0,1.0
1449280279948307757,865,1449280279,889842900,0.0,0.0,1.5,0.0,0.0,0.0,1.0
1449280279966970867,866,1449280279,909860723,0.0,0.0,1.5,0.0,0.0,0.0,1.0
1449280279988380454,867,1449280279,929968666,0.0,0.0,1.5,0.0,0.0,0.0,1.0
1449280280007448132,868,1449280279,949896994,0.0,0.0,1.5,0.0,0.0,0.0,1.0
1449280280030459171,869,1449280279,969842362,0.0,0.0,1.5,0.0,0.0,0.0,1.0
1449280280047166539,870,1449280279,989877809,0.0,0.0,1.5,0.0,0.0,0.0,1.0
1449280280067012018,871,1449280280,9840218,0.0,0.0,1.5,0.0,0.0,0.0,1.0
1449280280087074634,872,1449280280,29949911,0.0,0.0,1.5,0.0,0.0,0.0,1.0
1449280280110355288,873,1449280280,49792576,0.0,0.0,1.5,0.0,0.0,0.0,1.0
1449280280128691682,874,1449280280,69807233,0.0,0.0,1.5,0.0,0.0,0.0,1.0
1449280280148381246,875,1449280280,90231202,0.0,0.0,1.5,0.0,0.0,0.0,1.0
1449280280169020353,876,1449280280,109798964,0.0,0.0,1.5,0.0,0.0,0.0,1.0
1449280280188835378,877,1449280280,129880326,0.0,0.0,1.5,0.0,0.0,0.0,1.0
1449280280208020430,878,1449280280,149821569,0.0,0.0,1.5,0.0,0.0,0.0,1.0
1449280280231255456,879,1449280280,169913972,0.0,0.0,1.5,0.0,0.0,0.0,1.0
1449280280247873023,880,1449280280,189844632,0.0,0.0,1.5,0.0,0.0,0.0,1.0
1449280280271042527,881,1449280280,209824540,0.0,0.0,1.5,0.0,0.0,0.0,1.0
1449280280288358623,882,1449280280,229925984,0.0,0.0,1.5,0.0,0.0,0.0,1.0
1449280280307341270,883,1449280280,249866894,0.0,0.0,1.5,0.0,0.0,0.0,1.0
1449280280328385677,884,1449280280,269802930,0.0,0.0,1.5,0.0,0.0,0.0,1.0
1449280280347087912,885,1449280280,289822752,0.0,0.0,1.5,0.0,0.0,0.0,1.0
1449280280366798074,886,1449280280,309809827,0.0,0.0,1.5,0.0,0.0,0.0,1.0
1449280280389779905,887,1449280280,329848107,0.0,0.0,1.5,0.0,0.0,0.0,1.0
1449280280409262218,888,1449280280,349845181,0.0,0.0,1.5,0.0,0.0,0.0,1.0
1449280280426710786,889,1449280280,369803674,0.0,0.0,1.5,0.0,0.0,0.0,1.0
1449280280446707972,890,1449280280,389789248,0.0,0.0,1.5,0.0,0.0,0.0,1.0
1449280280468620478,891,1449280280,409807529,0.0,0.0,1.5,0.0,0.0,0.0,1.0
1449280280487493924,892,1449280280,429819644,0.0,0.0,1.5,0.0,0.0,0.0,1.0
1449280280507099325,893,1449280280,449908838,0.0,0.0,1.5,0.0,0.0,0.0,1.0
1449280280527403631,894,1449280280,469859040,0.0,0.0,1.5,0.0,0.0,0.0,1.0
1449280280546881639,895,1449280280,489813908,0.0,0.0,1.5,0.0,0.0,0.0,1.0
1449280280566964941,896,1449280280,509876062,0.0,0.0,1.5,0.0,0.0,0.0,1.0
1449280280589132104,897,1449280280,529814805,0.0,0.0,1.5,0.0,0.0,0.0,1.0
1449280280606693035,898,1449280280,549813087,0.0,0.0,1.5,0.0,0.0,0.0,1.0
1449280280629695784,899,1449280280,569841493,0.0,0.0,1.5,0.0,0.0,0.0,1.0
1449280280648184690,900,1449280280,589794194,0.0,0.0,1.5,0.0,0.0,0.0,1.0
1449280280666621355,901,1449280280,609797226,0.0,0.0,1.5,0.0,0.0,0.0,1.0
1449280280689953227,902,1449280280,629831673,0.0,0.0,1.5,0.0,0.0,0.0,1.0
1449280280706603673,903,1449280280,649821623,0.0,0.0,1.5,0.0,0.0,0.0,1.0
1449280280728954519,904,1449280280,669789615,0.0,0.0,1.5,0.0,0.0,0.0,1.0
1449280280747732613,905,1449280280,689823270,0.0,0.0,1.5,0.0,0.0,0.0,1.0
1449280280766715373,906,1449280280,709845509,0.0,0.0,1.5,0.0,0.0,0.0,1.0
1449280280789609333,907,1449280280,729847375,0.0,0.0,1.5,0.0,0.0,0.0,1.0
1449280280808958097,908,1449280280,749837658,0.0,0.0,1.5,0.0,0.0,0.0,1.0
1449280280830495610,909,1449280280,769786234,0.0,0.0,1.5,0.0,0.0,0.0,1.0
1449280280849408414,910,1449280280,789792432,0.0,0.0,1.5,0.0,0.0,0.0,1.0
1449280280867160261,911,1449280280,809808339,0.0,0.0,1.5,0.0,0.0,0.0,1.0
1449280280889469225,912,1449280280,829865618,0.0,0.0,1.5,0.0,0.0,0.0,1.0
1449280280909332444,913,1449280280,849828860,0.0,0.0,1.5,0.0,0.0,0.0,1.0
1449280280928344680,914,1449280280,869856766,0.0,0.0,1.5,0.0,0.0,0.0,1.0
1449280280947192865,915,1449280280,889822967,0.0,0.0,1.5,0.0,0.0,0.0,1.0
1449280280967334412,916,1449280280,909890245,0.0,0.0,1.5,0.0,0.0,0.0,1.0
1449280280988330796,917,1449280280,929838447,0.0,0.0,1.5,0.0,0.0,0.0,1.0
1449280281012259932,918,1449280280,949829063,0.0,0.0,1.5,0.0,0.0,0.0,1.0
1449280281028314626,919,1449280280,969809637,0.0,0.0,1.5,0.0,0.0,0.0,1.0
1449280281047459337,920,1449280280,989891874,0.0,0.0,1.5,0.0,0.0,0.0,1.0
1449280281069312879,921,1449280281,9826201,0.0,0.0,1.5,0.0,0.0,0.0,1.0
1449280281087152728,922,1449280281,29836941,0.0,0.0,1.5,0.0,0.0,0.0,1.0
1449280281107212543,923,1449280281,49824015,0.0,0.0,1.5,0.0,0.0,0.0,1.0
1449280281127313496,924,1449280281,69810840,0.0,0.0,1.5,0.0,0.0,0.0,1.0
1449280281147085115,925,1449280281,89869161,0.0,0.0,1.5,0.0,0.0,0.0,1.0
1449280281167289638,926,1449280281,109839486,0.0,0.0,1.5,0.0,0.0,0.0,1.0
1449280281186462795,927,1449280281,129793020,0.0,0.0,1.5,0.0,0.0,0.0,1.0
1449280281209337375,928,1449280281,149812135,0.0,0.0,1.5,0.0,0.0,0.0,1.0
1449280281227226211,929,1449280281,169831874,0.0,0.0,1.5,0.0,0.0,0.0,1.0
1449280281247075092,930,1449280281,189831781,0.0,0.0,1.5,0.0,0.0,0.0,1.0
1449280281267855226,931,1449280281,209809523,0.0,0.0,1.5,0.0,0.0,0.0,1.0
1449280281286558197,932,1449280281,229838137,0.0,0.0,1.5,0.0,0.0,0.0,1.0
1449280281306933915,933,1449280281,249803504,0.0,0.0,1.5,0.0,0.0,0.0,1.0
1449280281327025090,934,1449280281,269842534,0.0,0.0,1.5,0.0,0.0,0.0,1.0
1449280281347918847,935,1449280281,289858274,0.0,0.0,1.5,0.0,0.0,0.0,1.0
1449280281368038915,936,1449280281,309815308,0.0,0.0,1.5,0.0,0.0,0.0,1.0
1449280281387469412,937,1449280281,329921002,0.0,0.0,1.5,0.0,0.0,0.0,1.0
1449280281407643632,938,1449280281,349809248,0.0,0.0,1.5,0.0,0.0,0.0,1.0
1449280281427983050,939,1449280281,369822654,0.0,0.0,1.5,0.0,0.0,0.0,1.0
1449280281447050025,940,1449280281,389825686,0.0,0.0,1.5,0.0,0.0,0.0,1.0
1449280281467043445,941,1449280281,409830843,0.0,0.0,1.5,0.0,0.0,0.0,1.0
1449280281487797257,942,1449280281,429850166,0.0,0.0,1.5,0.0,0.0,0.0,1.0
1449280281507296426,943,1449280281,450055354,0.0,0.0,1.5,0.0,0.0,0.0,1.0
1449280281527288454,944,1449280281,469858438,0.0,0.0,1.5,0.0,0.0,0.0,1.0
1449280281547032134,945,1449280281,489797890,0.0,0.0,1.5,0.0,0.0,0.0,1.0
1449280281568325282,946,1449280281,509827795,0.0,0.0,1.5,0.0,0.0,0.0,1.0
1449280281587070279,947,1449280281,529858326,0.0,0.0,1.5,0.0,0.0,0.0,1.0
1449280281608601257,948,1449280281,549832984,0.0,0.0,1.5,0.0,0.0,0.0,1.0
1449280281627636084,949,1449280281,569814392,0.0,0.0,1.5,0.0,0.0,0.0,1.0
1449280281647040863,950,1449280281,589774510,0.0,0.0,1.5,0.0,0.0,0.0,1.0
1449280281668753424,951,1449280281,609813706,0.0,0.0,1.5,0.0,0.0,0.0,1.0
1449280281688752271,952,1449280281,629846487,0.0,0.0,1.5,0.0,0.0,0.0,1.0
1449280281706714034,953,1449280281,649809729,0.0,0.0,1.5,0.0,0.0,0.0,1.0
1449280281730725002,954,1449280281,669832510,0.0,0.0,1.5,0.0,0.0,0.0,1.0
1449280281748161522,955,1449280281,690592212,0.0,0.0,1.5,0.0,0.0,0.0,1.0
1449280281766420244,956,1449280281,709828241,0.0,0.0,1.5,0.0,0.0,0.0,1.0
1449280281787450737,957,1449280281,729835731,0.0,0.0,1.5,0.0,0.0,0.0,1.0
1449280281809005674,958,1449280281,749858429,0.0,0.0,1.5,0.0,0.0,0.0,1.0
1449280281826964203,959,1449280281,769863544,0.0,0.0,1.5,0.0,0.0,0.0,1.0
1449280281846901245,960,1449280281,789858701,0.0,0.0,1.5,0.0,0.0,0.0,1.0
1449280281866360772,961,1449280281,809836651,0.0,0.0,1.5,0.0,0.0,0.0,1.0
1449280281886897739,962,1449280281,829799977,0.0,0.0,1.5,0.0,0.0,0.0,1.0
1449280281911438129,963,1449280281,849818591,0.0,0.0,1.5,0.0,0.0,0.0,1.0
1449280281928899899,964,1449280281,869805458,0.0,0.0,1.5,0.0,0.0,0.0,1.0
1449280281947024108,965,1449280281,889825405,0.0,0.0,1.5,0.0,0.0,0.0,1.0
1449280281973186553,966,1449280281,909807522,0.0,0.0,1.5,0.0,0.0,0.0,1.0
1449280281987558355,967,1449280281,929863259,0.0,0.0,1.5,0.0,0.0,0.0,1.0
1449280282007706999,968,1449280281,949853542,0.0,0.0,1.5,0.0,0.0,0.0,1.0
1449280282026506587,969,1449280281,969821242,0.0,0.0,1.5,0.0,0.0,0.0,1.0
1449280282046841726,970,1449280281,989786359,0.0,0.0,1.5,0.0,0.0,0.0,1.0
1449280282068343884,971,1449280282,9789975,0.0,0.0,1.5,0.0,0.0,0.0,1.0
1449280282087473417,972,1449280282,29886585,0.0,0.0,1.5,0.0,0.0,0.0,1.0
1449280282108284920,973,1449280282,49828120,0.0,0.0,1.5,0.0,0.0,0.0,1.0
1449280282127310918,974,1449280282,69907232,0.0,0.0,1.5,0.0,0.0,0.0,1.0
1449280282147363557,975,1449280282,89862516,0.0,0.0,1.5,0.0,0.0,0.0,1.0
1449280282167509775,976,1449280282,109803426,0.0,0.0,1.5,0.0,0.0,0.0,1.0
1449280282187219327,977,1449280282,129813166,0.0,0.0,1.5,0.0,0.0,0.0,1.0
1449280282209997030,978,1449280282,149800782,0.0,0.0,1.5,0.0,0.0,0.0,1.0
1449280282227142587,979,1449280282,169813272,0.0,0.0,1.5,0.0,0.0,0.0,1.0
1449280282247710993,980,1449280282,189803721,0.0,0.0,1.5,0.0,0.0,0.0,1.0
1449280282267577341,981,1449280282,209814003,0.0,0.0,1.5,0.0,0.0,0.0,1.0
1449280282286745145,982,1449280282,229806368,0.0,0.0,1.5,0.0,0.0,0.0,1.0
1449280282307216229,983,1449280282,249910270,0.0,0.0,1.5,0.0,0.0,0.0,1.0
1449280282328970738,984,1449280282,269894345,0.0,0.0,1.5,0.0,0.0,0.0,1.0
1449280282346456933,985,1449280282,289837880,0.0,0.0,1.5,0.0,0.0,0.0,1.0
1449280282367079604,986,1449280282,309784206,0.0,0.0,1.5,0.0,0.0,0.0,1.0
1449280282386358780,987,1449280282,329901732,0.0,0.0,1.5,0.0,0.0,0.0,1.0
1449280282407342933,988,1449280282,349819852,0.0,0.0,1.5,0.0,0.0,0.0,1.0
1449280282426595476,989,1449280282,369813342,0.0,0.0,1.5,0.0,0.0,0.0,1.0
1449280282446907762,990,1449280282,389783084,0.0,0.0,1.5,0.0,0.0,0.0,1.0
1449280282466952396,991,1449280282,409813282,0.0,0.0,1.5,0.0,0.0,0.0,1.0
1449280282487811525,992,1449280282,429842229,0.0,0.0,1.5,0.0,0.0,0.0,1.0
1449280282506908699,993,1449280282,449805804,0.0,0.0,1.5,0.0,0.0,0.0,1.0
1449280282526902843,994,1449280282,469809545,0.0,0.0,1.5,0.0,0.0,0.0,1.0
1449280282549100205,995,1449280282,489820285,0.0,0.0,1.5,0.0,0.0,0.0,1.0
1449280282567010502,996,1449280282,509831649,0.0,0.0,1.5,0.0,0.0,0.0,1.0
1449280282586563346,997,1449280282,529809391,0.0,0.0,1.5,0.0,0.0,0.0,1.0
1449280282607089361,998,1449280282,549818131,0.0,0.0,1.5,0.0,0.0,0.0,1.0
1449280282626898951,999,1449280282,570124231,0.0,0.0,1.5,0.0,0.0,0.0,1.0
1449280282647074831,1000,1449280282,589889150,0.0,0.0,1.5,0.0,0.0,0.0,1.0
1449280282667186745,1001,1449280282,609837601,0.0,0.0,1.5,0.0,0.0,0.0,1.0
1449280282687356197,1002,1449280282,629831842,0.0,0.0,1.5,0.0,0.0,0.0,1.0
1449280282707585759,1003,1449280282,649812750,0.0,0.0,1.5,0.0,0.0,0.0,1.0
1449280282728982470,1004,1449280282,669812282,0.0,0.0,1.5,0.0,0.0,0.0,1.0
1449280282747041550,1005,1449280282,689845437,0.0,0.0,1.5,0.0,0.0,0.0,1.0
1449280282767458971,1006,1449280282,709875468,0.0,0.0,1.5,0.0,0.0,0.0,1.0
1449280282787748381,1007,1449280282,729814753,0.0,0.0,1.5,0.0,0.0,0.0,1.0
1449280282807861423,1008,1449280282,749821701,0.0,0.0,1.5,0.0,0.0,0.0,1.0
1449280282827098984,1009,1449280282,769796860,0.0,0.0,1.5,0.0,0.0,0.0,1.0
1449280282847727071,1010,1449280282,789811849,0.0,0.0,1.5,0.0,0.0,0.0,1.0
1449280282869588654,1011,1449280282,810263067,0.0,0.0,1.5,0.0,0.0,0.0,1.0
1449280282886853816,1012,1449280282,829832829,0.0,0.0,1.5,0.0,0.0,0.0,1.0
1449280282907082756,1013,1449280282,849825528,0.0,0.0,1.5,0.0,0.0,0.0,1.0
1449280282927141213,1014,1449280282,869810728,0.0,0.0,1.5,0.0,0.0,0.0,1.0
1449280282947568115,1015,1449280282,889845841,0.0,0.0,1.5,0.0,0.0,0.0,1.0
1449280282968175728,1016,1449280282,910229396,0.0,0.0,1.5,0.0,0.0,0.0,1.0
1449280282988312292,1017,1449280282,929810157,0.0,0.0,1.5,0.0,0.0,0.0,1.0
1449280283007394969,1018,1449280282,949867561,0.0,0.0,1.5,0.0,0.0,0.0,1.0
1449280283026897056,1019,1449280282,969814471,0.0,0.0,1.5,0.0,0.0,0.0,1.0
1449280283047177582,1020,1449280282,989917081,0.0,0.0,1.5,0.0,0.0,0.0,1.0
1449280283066970822,1021,1449280283,9829535,0.0,0.0,1.5,0.0,0.0,0.0,1.0
1449280283087359954,1022,1449280283,29804943,0.0,0.0,1.5,0.0,0.0,0.0,1.0
1449280283107831880,1023,1449280283,49869263,0.0,0.0,1.5,0.0,0.0,0.0,1.0
1449280283127087178,1024,1449280283,69817548,0.0,0.0,1.5,0.0,0.0,0.0,1.0
1449280283149619482,1025,1449280283,89813414,0.0,0.0,1.5,0.0,0.0,0.0,1.0
1449280283166993607,1026,1449280283,109843861,0.0,0.0,1.5,0.0,0.0,0.0,1.0
1449280283187306808,1027,1449280283,129829185,0.0,0.0,1.5,0.0,0.0,0.0,1.0
1449280283207652006,1028,1449280283,149887256,0.0,0.0,1.5,0.0,0.0,0.0,1.0
1449280283229665270,1029,1449280283,169806334,0.0,0.0,1.5,0.0,0.0,0.0,1.0
1449280283246587561,1030,1449280283,189800533,0.0,0.0,1.5,0.0,0.0,0.0,1.0
1449280283266890532,1031,1449280283,209853395,0.0,0.0,1.5,0.0,0.0,0.0,1.0
1449280283287212236,1032,1449280283,229851011,0.0,0.0,1.5,0.0,0.0,0.0,1.0
1449280283308295259,1033,1449280283,249830836,0.0,0.0,1.5,0.0,0.0,0.0,1.0
1449280283326909023,1034,1449280283,269833076,0.0,0.0,1.5,0.0,0.0,0.0,1.0
1449280283347495955,1035,1449280283,289835233,0.0,0.0,1.5,0.0,0.0,0.0,1.0
1449280283367698410,1036,1449280283,309798892,0.0,0.0,1.5,0.0,0.0,0.0,1.0
1449280283388915025,1037,1449280283,329829255,0.0,0.0,1.5,0.0,0.0,0.0,1.0
1449280283409969348,1038,1449280283,349791456,0.0,0.0,1.5,0.0,0.0,0.0,1.0
1449280283427528355,1039,1449280283,369853402,0.0,0.0,1.5,0.0,0.0,0.0,1.0
1449280283447338584,1040,1449280283,389854600,0.0,0.0,1.5,0.0,0.0,0.0,1.0
1449280283469331842,1041,1449280283,409805885,0.0,0.0,1.5,0.0,0.0,0.0,1.0
1449280283487268443,1042,1449280283,429818125,0.0,0.0,1.5,0.0,0.0,0.0,1.0
1449280283507134647,1043,1449280283,449817573,0.0,0.0,1.5,0.0,0.0,0.0,1.0
1449280283526887431,1044,1449280283,469876519,0.0,0.0,1.5,0.0,0.0,0.0,1.0
1449280283548046737,1045,1449280283,489818887,0.0,0.0,1.5,0.0,0.0,0.0,1.0
1449280283567408789,1046,1449280283,509806128,0.0,0.0,1.5,0.0,0.0,0.0,1.0
1449280283590741065,1047,1449280283,529890989,0.0,0.0,1.5,0.0,0.0,0.0,1.0
1449280283607021944,1048,1449280283,549912770,0.0,0.0,1.5,0.0,0.0,0.0,1.0
1449280283627059353,1049,1449280283,569824598,0.0,0.0,1.5,0.0,0.0,0.0,1.0
1449280283647089366,1050,1449280283,589812964,0.0,0.0,1.5,0.0,0.0,0.0,1.0
1449280283668162747,1051,1449280283,609814455,0.0,0.0,1.5,0.0,0.0,0.0,1.0
1449280283687178617,1052,1449280283,629805362,0.0,0.0,1.5,0.0,0.0,0.0,1.0
1449280283706868260,1053,1449280283,649816727,0.0,0.0,1.5,0.0,0.0,0.0,1.0
1449280283729553037,1054,1449280283,669819592,0.0,0.0,1.5,0.0,0.0,0.0,1.0
1449280283747227320,1055,1449280283,689829582,0.0,0.0,1.5,0.0,0.0,0.0,1.0
1449280283767224617,1056,1449280283,709832947,0.0,0.0,1.5,0.0,0.0,0.0,1.0
1449280283787229402,1057,1449280283,729814689,0.0,0.0,1.5,0.0,0.0,0.0,1.0
1449280283807056035,1058,1449280283,749807179,0.0,0.0,1.5,0.0,0.0,0.0,1.0
1449280283827418829,1059,1449280283,769826169,0.0,0.0,1.5,0.0,0.0,0.0,1.0
1449280283847998007,1060,1449280283,790274636,0.0,0.0,1.5,0.0,0.0,0.0,1.0
1449280283868196437,1061,1449280283,809831816,0.0,0.0,1.5,0.0,0.0,0.0,1.0
1449280283886974166,1062,1449280283,829825098,0.0,0.0,1.5,0.0,0.0,0.0,1.0
1449280283907526328,1063,1449280283,849808964,0.0,0.0,1.5,0.0,0.0,0.0,1.0
1449280283927061476,1064,1449280283,869835745,0.0,0.0,1.5,0.0,0.0,0.0,1.0
1449280283947687213,1065,1449280283,889820486,0.0,0.0,1.5,0.0,0.0,0.0,1.0
1449280283968447336,1066,1449280283,909774104,0.0,0.0,1.5,0.0,0.0,0.0,1.0
1449280283987012900,1067,1449280283,929807926,0.0,0.0,1.5,0.0,0.0,0.0,1.0
1449280284008299160,1068,1449280283,949801500,0.0,0.0,1.5,0.0,0.0,0.0,1.0
1449280284027361639,1069,1449280283,969825489,0.0,0.0,1.5,0.0,0.0,0.0,1.0
1449280284047451204,1070,1449280283,989908642,0.0,0.0,1.5,0.0,0.0,0.0,1.0
1449280284068017456,1071,1449280284,9824428,0.0,0.0,1.5,0.0,0.0,0.0,1.0
1449280284088006811,1072,1449280284,29851376,0.0,0.0,1.5,0.0,0.0,0.0,1.0
1449280284107558775,1073,1449280284,50297218,0.0,0.0,1.5,0.0,0.0,0.0,1.0
1449280284126994158,1074,1449280284,69827732,0.0,0.0,1.5,0.0,0.0,0.0,1.0
1449280284146893841,1075,1449280284,89822098,0.0,0.0,1.5,0.0,0.0,0.0,1.0
1449280284167815869,1076,1449280284,109791382,0.0,0.0,1.5,0.0,0.0,0.0,1.0
1449280284187183545,1077,1449280284,129815829,0.0,0.0,1.5,0.0,0.0,0.0,1.0
1449280284207802458,1078,1449280284,149808695,0.0,0.0,1.5,0.0,0.0,0.0,1.0
1449280284228843451,1079,1449280284,169851558,0.0,0.0,1.5,0.0,0.0,0.0,1.0
1449280284247591859,1080,1449280284,189823425,0.0,0.0,1.5,0.0,0.0,0.0,1.0
1449280284267943109,1081,1449280284,210027405,0.0,0.0,1.5,0.0,0.0,0.0,1.0
1449280284290201395,1082,1449280284,229825280,0.0,0.0,1.5,0.0,0.0,0.0,1.0
1449280284307135072,1083,1449280284,249884601,0.0,0.0,1.5,0.0,0.0,0.0,1.0
1449280284327777551,1084,1449280284,269820178,0.0,0.0,1.5,0.0,0.0,0.0,1.0
1449280284348960535,1085,1449280284,289914872,0.0,0.0,1.5,0.0,0.0,0.0,1.0
1449280284367352210,1086,1449280284,309786118,0.0,0.0,1.5,0.0,0.0,0.0,1.0
1449280284387352549,1087,1449280284,329821857,0.0,0.0,1.5,0.0,0.0,0.0,1.0
1449280284408106657,1088,1449280284,349796182,0.0,0.0,1.5,0.0,0.0,0.0,1.0
1449280284427412465,1089,1449280284,369806047,0.0,0.0,1.5,0.0,0.0,0.0,1.0
1449280284447691751,1090,1449280284,389908115,0.0,0.0,1.5,0.0,0.0,0.0,1.0
1449280284469823315,1091,1449280284,409792528,0.0,0.0,1.5,0.0,0.0,0.0,1.0
1449280284486945149,1092,1449280284,429810684,0.0,0.0,1.5,0.0,0.0,0.0,1.0
1449280284507523617,1093,1449280284,449827549,0.0,0.0,1.5,0.0,0.0,0.0,1.0
1449280284527161088,1094,1449280284,469844288,0.0,0.0,1.5,0.0,0.0,0.0,1.0
1449280284546908864,1095,1449280284,489796698,0.0,0.0,1.5,0.0,0.0,0.0,1.0
1449280284568437922,1096,1449280284,509837186,0.0,0.0,1.5,0.0,0.0,0.0,1.0
1449280284587195048,1097,1449280284,529839384,0.0,0.0,1.5,0.0,0.0,0.0,1.0
1449280284606941707,1098,1449280284,549797169,0.0,0.0,1.5,0.0,0.0,0.0,1.0
1449280284626627961,1099,1449280284,569803617,0.0,0.0,1.5,0.0,0.0,0.0,1.0
1449280284649048947,1100,1449280284,589802357,0.0,0.0,1.5,0.0,0.0,0.0,1.0
1449280284666939804,1101,1449280284,609788182,0.0,0.0,1.5,0.0,0.0,0.0,1.0
1449280284687155729,1102,1449280284,629875459,0.0,0.0,1.5,0.0,0.0,0.0,1.0
1449280284707544849,1103,1449280284,649851076,0.0,0.0,1.5,0.0,0.0,0.0,1.0
1449280284728578259,1104,1449280284,669886523,0.0,0.0,1.5,0.0,0.0,0.0,1.0
1449280284747537084,1105,1449280284,689898012,0.0,0.0,1.5,0.0,0.0,0.0,1.0
1449280284767216507,1106,1449280284,709852047,0.0,0.0,1.5,0.0,0.0,0.0,1.0
1449280284787161070,1107,1449280284,729791540,0.0,0.0,1.5,0.0,0.0,0.0,1.0
1449280284808772030,1108,1449280284,749809030,0.0,0.0,1.5,0.0,0.0,0.0,1.0
1449280284827815878,1109,1449280284,769855601,0.0,0.0,1.5,0.0,0.0,0.0,1.0
1449280284847130495,1110,1449280284,789843717,0.0,0.0,1.5,0.0,0.0,0.0,1.0
1449280284866688106,1111,1449280284,809839207,0.0,0.0,1.5,0.0,0.0,0.0,1.0
1449280284887049708,1112,1449280284,829786409,0.0,0.0,1.5,0.0,0.0,0.0,1.0
1449280284906705209,1113,1449280284,849788982,0.0,0.0,1.5,0.0,0.0,0.0,1.0
1449280284927334872,1114,1449280284,870069833,0.0,0.0,1.5,0.0,0.0,0.0,1.0
1449280284948683690,1115,1449280284,889828878,0.0,0.0,1.5,0.0,0.0,0.0,1.0
1449280284967710038,1116,1449280284,909918030,0.0,0.0,1.5,0.0,0.0,0.0,1.0
1449280284987401531,1117,1449280284,929799651,0.0,0.0,1.5,0.0,0.0,0.0,1.0
1449280285008987752,1118,1449280284,949812308,0.0,0.0,1.5,0.0,0.0,0.0,1.0
1449280285026947905,1119,1449280284,969842088,0.0,0.0,1.5,0.0,0.0,0.0,1.0
1449280285048653111,1120,1449280284,989814455,0.0,0.0,1.5,0.0,0.0,0.0,1.0
1449280285067080625,1121,1449280285,9849360,0.0,0.0,1.5,0.0,0.0,0.0,1.0
1449280285087192768,1122,1449280285,29814311,0.0,0.0,1.5,0.0,0.0,0.0,1.0
1449280285108747751,1123,1449280285,49820676,0.0,0.0,1.5,0.0,0.0,0.0,1.0
1449280285127184622,1124,1449280285,69850081,0.0,0.0,1.5,0.0,0.0,0.0,1.0
1449280285146844248,1125,1449280285,89854738,0.0,0.0,1.5,0.0,0.0,0.0,1.0
1449280285170022308,1126,1449280285,109821438,0.0,0.0,1.5,0.0,0.0,0.0,1.0
1449280285187592248,1127,1449280285,129825928,0.0,0.0,1.5,0.0,0.0,0.0,1.0
1449280285210287943,1128,1449280285,150017409,0.0,0.0,1.5,0.0,0.0,0.0,1.0
1449280285227508118,1129,1449280285,169857199,0.0,0.0,1.5,0.0,0.0,0.0,1.0
1449280285247396626,1130,1449280285,189815566,0.0,0.0,1.5,0.0,0.0,0.0,1.0
1449280285267169184,1131,1449280285,209820765,0.0,0.0,1.5,0.0,0.0,0.0,1.0
1449280285288799445,1132,1449280285,229829671,0.0,0.0,1.5,0.0,0.0,0.0,1.0
1449280285307097631,1133,1449280285,249801455,0.0,0.0,1.5,0.0,0.0,0.0,1.0
1449280285326925157,1134,1449280285,269803695,0.0,0.0,1.5,0.0,0.0,0.0,1.0
1449280285348832325,1135,1449280285,289795894,0.0,0.0,1.5,0.0,0.0,0.0,1.0
1449280285367102902,1136,1449280285,309799092,0.0,0.0,1.5,0.0,0.0,0.0,1.0
1449280285387175619,1137,1449280285,329800791,0.0,0.0,1.5,0.0,0.0,0.0,1.0
1449280285406826640,1138,1449280285,349816114,0.0,0.0,1.5,0.0,0.0,0.0,1.0
1449280285427168848,1139,1449280285,369865726,0.0,0.0,1.5,0.0,0.0,0.0,1.0
1449280285446989152,1140,1449280285,389830885,0.0,0.0,1.5,0.0,0.0,0.0,1.0
1449280285467970430,1141,1449280285,409785544,0.0,0.0,1.5,0.0,0.0,0.0,1.0
1449280285486677152,1142,1449280285,429811117,0.0,0.0,1.5,0.0,0.0,0.0,1.0
1449280285511336503,1143,1449280285,449867271,0.0,0.0,1.5,0.0,0.0,0.0,1.0
1449280285527668014,1144,1449280285,469873844,0.0,0.0,1.5,0.0,0.0,0.0,1.0
1449280285547551058,1145,1449280285,489806046,0.0,0.0,1.5,0.0,0.0,0.0,1.0
1449280285566723018,1146,1449280285,509859409,0.0,0.0,1.5,0.0,0.0,0.3826834319505227,0.923879532683006
1449280285587361341,1147,1449280285,529824859,0.0,0.0,1.5,0.0,0.0,0.3826834319505227,0.923879532683006
1449280285607078856,1148,1449280285,549834766,0.0,0.0,1.5,0.0,0.0,0.3826834319505227,0.923879532683006
1449280285627382354,1149,1449280285,569825590,0.0,0.0,1.5,0.0,0.0,0.3826834319505227,0.923879532683006
1449280285651347124,1150,1449280285,589788499,0.0,0.0,1.5,0.0,0.0,0.3826834319505227,0.923879532683006
1449280285668338797,1151,1449280285,609815363,0.0,0.0,1.5,0.0,0.0,0.3826834319505227,0.923879532683006
1449280285689013480,1152,1449280285,630080298,0.0,0.0,1.5,0.0,0.0,0.3826834319505227,0.923879532683006
1449280285707132410,1153,1449280285,649792719,0.0,0.0,1.5,0.0,0.0,0.3826834319505227,0.923879532683006
1449280285728471558,1154,1449280285,669856248,0.0,0.0,1.5,0.0,0.0,0.3826834319505227,0.923879532683006
1449280285748128165,1155,1449280285,689890945,0.0,0.0,1.5,0.0,0.0,0.3826834319505227,0.923879532683006
1449280285768547255,1156,1449280285,709803731,0.0,0.0,1.5,0.0,0.0,0.3826834319505227,0.923879532683006
1449280285788337676,1157,1449280285,729793305,0.0,0.0,1.5,0.0,0.0,0.3826834319505227,0.923879532683006
1449280285807105752,1158,1449280285,749797587,0.0,0.0,1.5,0.0,0.0,0.3826834319505227,0.923879532683006
1449280285827725220,1159,1449280285,769816910,0.0,0.0,1.5,0.0,0.0,0.3826834319505227,0.923879532683006
1449280285847301218,1160,1449280285,789797859,0.0,0.0,1.5,0.0,0.0,0.3826834319505227,0.923879532683006
1449280285872750745,1161,1449280285,809858097,0.0,0.0,1.5,0.0,0.0,0.3826834319505227,0.923879532683006
1449280285887977486,1162,1449280285,829845254,0.0,0.0,1.5,0.0,0.0,0.3826834319505227,0.923879532683006
1449280285906486704,1163,1449280285,849868743,0.0,0.0,1.5,0.0,0.0,0.3826834319505227,0.923879532683006
1449280285928080938,1164,1449280285,869895816,0.0,0.0,1.5,0.0,0.0,0.3826834319505227,0.923879532683006
1449280285947448454,1165,1449280285,889870266,0.0,0.0,1.5,0.0,0.0,0.3826834319505227,0.923879532683006
1449280285970073954,1166,1449280285,909840132,0.0,0.0,1.5,0.0,0.0,0.3826834319505227,0.923879532683006
1449280285989577379,1167,1449280285,929829498,0.0,0.0,1.5,0.0,0.0,0.3826834319505227,0.923879532683006
1449280286009547411,1168,1449280285,949800157,0.0,0.0,1.5,0.0,0.0,0.3826834319505227,0.923879532683006
1449280286030957309,1169,1449280285,969879935,0.0,0.0,1.5,0.0,0.0,0.3826834319505227,0.923879532683006
1449280286048386457,1170,1449280285,989815803,0.0,0.0,1.5,0.0,0.0,0.3826834319505227,0.923879532683006
1449280286067530143,1171,1449280286,9831459,0.0,0.0,1.5,0.0,0.0,0.3826834319505227,0.923879532683006
1449280286087389673,1172,1449280286,29845449,0.0,0.0,1.5,0.0,0.0,0.3826834319505227,0.923879532683006
1449280286108163817,1173,1449280286,49827648,0.0,0.0,1.5,0.0,0.0,0.3826834319505227,0.923879532683006
1449280286127790316,1174,1449280286,69831305,0.0,0.0,1.5,0.0,0.0,0.3826834319505227,0.923879532683006
1449280286149934942,1175,1449280286,89833004,0.0,0.0,1.5,0.0,0.0,0.3826834319505227,0.923879532683006
1449280286167174037,1176,1449280286,109848618,0.0,0.0,1.5,0.0,0.0,0.3826834319505227,0.923879532683006
1449280286189019554,1177,1449280286,130354874,0.0,0.0,1.5,0.0,0.0,0.3826834319505227,0.923879532683006
1449280286207415410,1178,1449280286,149867056,0.0,0.0,1.5,0.0,0.0,0.3826834319505227,0.923879532683006
1449280286229611193,1179,1449280286,169818132,0.0,0.0,1.5,0.0,0.0,0.3826834319505227,0.923879532683006
1449280286247812851,1180,1449280286,189827539,0.0,0.0,1.5,0.0,0.0,0.3826834319505227,0.923879532683006
1449280286266758419,1181,1449280286,209826237,0.0,0.0,1.5,0.0,0.0,0.3826834319505227,0.923879532683006
1449280286287148084,1182,1449280286,229828561,0.0,0.0,1.5,0.0,0.0,0.3826834319505227,0.923879532683006
1449280286308302581,1183,1449280286,249821593,0.0,0.0,1.5,0.0,0.0,0.3826834319505227,0.923879532683006
1449280286327154107,1184,1449280286,269819583,0.0,0.0,1.5,0.0,0.0,0.3826834319505227,0.923879532683006
1449280286346942207,1185,1449280286,289781617,0.0,0.0,1.5,0.0,0.0,0.3826834319505227,0.923879532683006
1449280286367003981,1186,1449280286,309834730,0.0,0.0,1.5,0.0,0.0,0.3826834319505227,0.923879532683006
1449280286387627798,1187,1449280286,329808221,0.0,0.0,1.5,0.0,0.0,0.3826834319505227,0.923879532683006
1449280286407001212,1188,1449280286,349835419,0.0,0.0,1.5,0.0,0.0,0.3826834319505227,0.923879532683006
1449280286426914834,1189,1449280286,369818410,0.0,0.0,1.5,0.0,0.0,0.3826834319505227,0.923879532683006
1449280286447083380,1190,1449280286,389807359,0.0,0.0,1.5,0.0,0.0,0.3826834319505227,0.923879532683006
1449280286467505596,1191,1449280286,409886512,0.0,0.0,1.5,0.0,0.0,0.3826834319505227,0.923879532683006
1449280286487302944,1192,1449280286,429829963,0.0,0.0,1.5,0.0,0.0,0.3826834319505227,0.923879532683006
1449280286507226700,1193,1449280286,449795205,0.0,0.0,1.5,0.0,0.0,0.3826834319505227,0.923879532683006
1449280286527196336,1194,1449280286,469826527,0.0,0.0,1.5,0.0,0.0,0.3826834319505227,0.923879532683006
1449280286546706586,1195,1449280286,489822309,0.0,0.0,1.5,0.0,0.0,0.3826834319505227,0.923879532683006
1449280286567669932,1196,1449280286,509858006,0.0,0.0,1.5,0.0,0.0,0.3826834319505227,0.923879532683006
1449280286587253988,1197,1449280286,529844247,0.0,0.0,1.5,0.0,0.0,0.3826834319505227,0.923879532683006
1449280286607135064,1198,1449280286,549848362,0.0,0.0,1.5,0.0,0.0,0.3826834319505227,0.923879532683006
1449280286627148083,1199,1449280286,569803688,0.0,0.0,1.5,0.0,0.0,0.3826834319505227,0.923879532683006
1449280286647137332,1200,1449280286,589792054,0.0,0.0,1.5,0.0,0.0,0.3826834319505227,0.923879532683006
1449280286667574930,1201,1449280286,609816293,0.0,0.0,1.5,0.0,0.0,0.3826834319505227,0.923879532683006
1449280286687492716,1202,1449280286,629811242,0.0,0.0,1.5,0.0,0.0,0.3826834319505227,0.923879532683006
1449280286706772374,1203,1449280286,649807191,0.0,0.0,1.5,0.0,0.0,0.3826834319505227,0.923879532683006
1449280286727075593,1204,1449280286,669790848,0.0,0.0,1.5,0.0,0.0,0.3826834319505227,0.923879532683006
1449280286747137274,1205,1449280286,689785464,0.0,0.0,1.5,0.0,0.0,0.3826834319505227,0.923879532683006
1449280286767232782,1206,1449280286,709844868,0.0,0.0,1.5,0.0,0.0,0.3826834319505227,0.923879532683006
1449280286790753353,1207,1449280286,730431037,0.0,0.0,1.5,0.0,0.0,0.3826834319505227,0.923879532683006
1449280286808283235,1208,1449280286,749800309,0.0,0.0,1.5,0.0,0.0,0.3826834319505227,0.923879532683006
1449280286830414122,1209,1449280286,769834172,0.0,0.0,1.5,0.0,0.0,0.3826834319505227,0.923879532683006
1449280286848844629,1210,1449280286,789799789,0.0,0.0,1.5,0.0,0.0,0.3826834319505227,0.923879532683006
1449280286867400865,1211,1449280286,809849735,0.0,0.0,1.5,0.0,0.0,0.3826834319505227,0.923879532683006
1449280286887288439,1212,1449280286,829823852,0.0,0.0,1.5,0.0,0.0,0.3826834319505227,0.923879532683006
1449280286906976674,1213,1449280286,849842841,0.0,0.0,1.5,0.0,0.0,0.3826834319505227,0.923879532683006
1449280286927877877,1214,1449280286,869883955,0.0,0.0,1.5,0.0,0.0,0.3826834319505227,0.923879532683006
1449280286948189157,1215,1449280286,889819865,0.0,0.0,1.5,0.0,0.0,0.3826834319505227,0.923879532683006
1449280286967053498,1216,1449280286,909843854,0.0,0.0,1.5,0.0,0.0,0.3826834319505227,0.923879532683006
1449280286987979430,1217,1449280286,929833595,0.0,0.0,1.5,0.0,0.0,0.3826834319505227,0.923879532683006
1449280287007397811,1218,1449280286,949984910,0.0,0.0,1.5,0.0,0.0,0.3826834319505227,0.923879532683006
1449280287027634531,1219,1449280286,969861074,0.0,0.0,1.5,0.0,0.0,0.3826834319505227,0.923879532683006
1449280287047601088,1220,1449280286,989857439,0.0,0.0,1.5,0.0,0.0,0.3826834319505227,0.923879532683006
1449280287068666853,1221,1449280287,10361487,0.0,0.0,1.5,0.0,0.0,0.3826834319505227,0.923879532683006
1449280287087606275,1222,1449280287,29812422,0.0,0.0,1.5,0.0,0.0,0.3826834319505227,0.923879532683006
1449280287107073925,1223,1449280287,49808121,0.0,0.0,1.5,0.0,0.0,0.3826834319505227,0.923879532683006
1449280287127632032,1224,1449280287,69855067,0.0,0.0,1.5,0.0,0.0,0.3826834319505227,0.923879532683006
1449280287147205293,1225,1449280287,89785186,0.0,0.0,1.5,0.0,0.0,0.3826834319505227,0.923879532683006
1449280287168479400,1226,1449280287,109826965,0.0,0.0,1.5,0.0,0.0,0.3826834319505227,0.923879532683006
1449280287186854453,1227,1449280287,129812415,0.0,0.0,1.5,0.0,0.0,0.3826834319505227,0.923879532683006
1449280287207695755,1228,1449280287,149814196,0.0,0.0,1.5,0.0,0.0,0.3826834319505227,0.923879532683006
1449280287227021919,1229,1449280287,169782188,0.0,0.0,1.5,0.0,0.0,0.3826834319505227,0.923879532683006
1449280287248140830,1230,1449280287,189806969,0.0,0.0,1.5,0.0,0.0,0.3826834319505227,0.923879532683006
1449280287267317766,1231,1449280287,209870581,0.0,0.0,1.5,0.0,0.0,0.3826834319505227,0.923879532683006
1449280287287495275,1232,1449280287,229843406,0.0,0.0,1.5,0.0,0.0,0.3826834319505227,0.923879532683006
1449280287307194484,1233,1449280287,249839646,0.0,0.0,1.5,0.0,0.0,0.3826834319505227,0.923879532683006
1449280287328134927,1234,1449280287,269791222,0.0,0.0,1.5,0.0,0.0,0.3826834319505227,0.923879532683006
1449280287347409165,1235,1449280287,289811045,0.0,0.0,1.5,0.0,0.0,0.3826834319505227,0.923879532683006
1449280287367233201,1236,1449280287,309890739,0.0,0.0,1.5,0.0,0.0,0.3826834319505227,0.923879532683006
1449280287387406819,1237,1449280287,329834899,0.0,0.0,1.5,0.0,0.0,0.3826834319505227,0.923879532683006
1449280287409334794,1238,1449280287,349842889,0.0,0.0,1.5,0.0,0.0,0.3826834319505227,0.923879532683006
1449280287427507319,1239,1449280287,369815964,0.0,0.0,1.5,0.0,0.0,0.3826834319505227,0.923879532683006
1449280287447032584,1240,1449280287,389787664,0.0,0.0,1.5,0.0,0.0,0.3826834319505227,0.923879532683006
1449280287467966532,1241,1449280287,410561532,0.0,0.0,1.5,0.0,0.0,0.3826834319505227,0.923879532683006
1449280287488229448,1242,1449280287,429826267,0.0,0.0,1.5,0.0,0.0,0.3826834319505227,0.923879532683006
1449280287508781643,1243,1449280287,449832257,0.0,0.0,1.5,0.0,0.0,0.3826834319505227,0.923879532683006
1449280287528315618,1244,1449280287,469902369,0.0,0.0,1.5,0.0,0.0,0.3826834319505227,0.923879532683006
1449280287547507778,1245,1449280287,489844237,0.0,0.0,1.5,0.0,0.0,0.3826834319505227,0.923879532683006
1449280287569093707,1246,1449280287,509814812,0.0,0.0,1.5,0.0,0.0,0.3826834319505227,0.923879532683006
1449280287588272372,1247,1449280287,529821969,0.0,0.0,1.5,0.0,0.0,0.3826834319505227,0.923879532683006
1449280287608280712,1248,1449280287,549818376,0.0,0.0,1.5,0.0,0.0,0.3826834319505227,0.923879532683006
1449280287627280658,1249,1449280287,569836698,0.0,0.0,1.5,0.0,0.0,0.3826834319505227,0.923879532683006
1449280287647094108,1250,1449280287,589813356,0.0,0.0,1.5,0.0,0.0,0.3826834319505227,0.923879532683006
1449280287668857122,1251,1449280287,609836679,0.0,0.0,1.5,0.0,0.0,0.3826834319505227,0.923879532683006
1449280287687068244,1252,1449280287,629895249,0.0,0.0,1.5,0.0,0.0,0.3826834319505227,0.923879532683006
1449280287707221476,1253,1449280287,649801078,0.0,0.0,1.5,0.0,0.0,0.3826834319505227,0.923879532683006
1449280287729197783,1254,1449280287,669787194,0.0,0.0,1.5,0.0,0.0,0.3826834319505227,0.923879532683006
1449280287746739840,1255,1449280287,689814683,0.0,0.0,1.5,0.0,0.0,0.3826834319505227,0.923879532683006
1449280287771948249,1256,1449280287,709803673,0.0,0.0,1.5,0.0,0.0,0.3826834319505227,0.923879532683006
1449280287788471824,1257,1449280287,729823329,0.0,0.0,1.5,0.0,0.0,0.3826834319505227,0.923879532683006
1449280287807651683,1258,1449280287,749832194,0.0,0.0,1.5,0.0,0.0,0.3826834319505227,0.923879532683006
1449280287829648767,1259,1449280287,769808227,0.0,0.0,1.5,0.0,0.0,0.3826834319505227,0.923879532683006
1449280287854087003,1260,1449280287,789805217,0.0,0.0,1.5,0.0,0.0,0.3826834319505227,0.923879532683006
1449280287867263247,1261,1449280287,809833248,0.0,0.0,1.5,0.0,0.0,0.3826834319505227,0.923879532683006
1449280287890282835,1262,1449280287,829810406,0.0,0.0,1.5,0.0,0.0,0.3826834319505227,0.923879532683006
1449280287908931030,1263,1449280287,849801938,0.0,0.0,1.5,0.0,0.0,0.3826834319505227,0.923879532683006
1449280287928028947,1264,1449280287,869822719,0.0,0.0,1.5,0.0,0.0,0.3826834319505227,0.923879532683006
1449280287947078066,1265,1449280287,889813918,0.0,0.0,1.5,0.0,0.0,0.3826834319505227,0.923879532683006
1449280287967457538,1266,1449280287,909918111,0.0,0.0,1.5,0.0,0.0,0.3826834319505227,0.923879532683006
1449280287987264381,1267,1449280287,929815940,0.0,0.0,1.5,0.0,0.0,0.3826834319505227,0.923879532683006
1449280288009553809,1268,1449280287,949818514,0.0,0.0,1.5,0.0,0.0,0.3826834319505227,0.923879532683006
1449280288027462222,1269,1449280287,969802963,0.0,0.0,1.5,0.0,0.0,0.3826834319505227,0.923879532683006
1449280288047081833,1270,1449280287,989811994,0.0,0.0,1.5,0.0,0.0,0.3826834319505227,0.923879532683006
1449280288067251160,1271,1449280288,9805652,0.0,0.0,1.5,0.0,0.0,0.3826834319505227,0.923879532683006
1449280288087189574,1272,1449280288,29799017,0.0,0.0,1.5,0.0,0.0,0.3826834319505227,0.923879532683006
1449280288107234469,1273,1449280288,49795383,0.0,0.0,1.5,0.0,0.0,0.3826834319505227,0.923879532683006
1449280288128786151,1274,1449280288,69813538,0.0,0.0,1.5,0.0,0.0,0.3826834319505227,0.923879532683006
1449280288146871270,1275,1449280288,89800821,0.0,0.0,1.5,0.0,0.0,0.3826834319505227,0.923879532683006
1449280288167194618,1276,1449280288,109788728,0.0,0.0,1.5,0.0,0.0,0.3826834319505227,0.923879532683006
1449280288189667815,1277,1449280288,129790844,0.0,0.0,1.5,0.0,0.0,0.3826834319505227,0.923879532683006
1449280288211544813,1278,1449280288,149841081,0.0,0.0,1.5,0.0,0.0,0.3826834319505227,0.923879532683006
1449280288226938960,1279,1449280288,169829239,0.0,0.0,1.5,0.0,0.0,0.3826834319505227,0.923879532683006
1449280288250406555,1280,1449280288,189810021,0.0,0.0,1.5,0.0,0.0,0.3826834319505227,0.923879532683006
1449280288267221755,1281,1449280288,209828302,0.0,0.0,1.5,0.0,0.0,0.3826834319505227,0.923879532683006
1449280288289295742,1282,1449280288,229807835,0.0,0.0,1.5,0.0,0.0,0.3826834319505227,0.923879532683006
1449280288314086351,1283,1449280288,249826033,0.0,0.0,1.5,0.0,0.0,0.3826834319505227,0.923879532683006
1449280288327084177,1284,1449280288,269832023,0.0,0.0,1.5,0.0,0.0,0.3826834319505227,0.923879532683006
1449280288348038693,1285,1449280288,289935049,0.0,0.0,1.5,0.0,0.0,0.3826834319505227,0.923879532683006
1449280288370272774,1286,1449280288,309797255,0.0,0.0,1.5,0.0,0.0,0.3826834319505227,0.923879532683006
1449280288387126254,1287,1449280288,329818327,0.0,0.0,1.5,0.0,0.0,0.3826834319505227,0.923879532683006
1449280288407791280,1288,1449280288,349848066,0.0,0.0,1.5,0.0,0.0,0.3826834319505227,0.923879532683006
1449280288428936888,1289,1449280288,369787309,0.0,0.0,1.5,0.0,0.0,0.3826834319505227,0.923879532683006
1449280288447144161,1290,1449280288,389841255,0.0,0.0,1.5,0.0,0.0,0.3826834319505227,0.923879532683006
1449280288467032130,1291,1449280288,409816413,0.0,0.0,1.5,0.0,0.0,0.3826834319505227,0.923879532683006
1449280288487900428,1292,1449280288,429783280,0.0,0.0,1.5,0.0,0.0,0.3826834319505227,0.923879532683006
1449280288507301571,1293,1449280288,449802394,0.0,0.0,1.5,0.0,0.0,0.3826834319505227,0.923879532683006
1449280288529841342,1294,1449280288,469838674,0.0,0.0,1.5,0.0,0.0,0.3826834319505227,0.923879532683006
1449280288548479845,1295,1449280288,490134025,0.0,0.0,1.5,0.0,0.0,0.3826834319505227,0.923879532683006
1449280288567152421,1296,1449280288,509799782,0.0,0.0,1.5,0.0,0.0,0.3826834319505227,0.923879532683006
1449280288590243631,1297,1449280288,529792397,0.0,0.0,1.5,0.0,0.0,0.3826834319505227,0.923879532683006
1449280288607999153,1298,1449280288,549796971,0.0,0.0,1.5,0.0,0.0,0.3826834319505227,0.923879532683006
1449280288627378493,1299,1449280288,569844625,0.0,0.0,1.5,0.0,0.0,0.3826834319505227,0.923879532683006
1449280288646922752,1300,1449280288,589845782,0.0,0.0,1.5,0.0,0.0,0.3826834319505227,0.923879532683006
1449280288668378164,1301,1449280288,609804482,0.0,0.0,1.5,0.0,0.0,0.3826834319505227,0.923879532683006
1449280288686667949,1302,1449280288,629813430,0.0,0.0,1.5,0.0,0.0,0.3826834319505227,0.923879532683006
1449280288707167681,1303,1449280288,649803796,0.0,0.0,1.5,0.0,0.0,0.3826834319505227,0.923879532683006
1449280288727772119,1304,1449280288,669836326,0.0,0.0,1.5,0.0,0.0,0.3826834319505227,0.923879532683006
1449280288747961271,1305,1449280288,689791319,0.0,0.0,1.5,0.0,0.0,0.3826834319505227,0.923879532683006
1449280288767442027,1306,1449280288,709828057,0.0,0.0,1.5,0.0,0.0,0.3826834319505227,0.923879532683006
1449280288787794649,1307,1449280288,729897877,0.0,0.0,1.5,0.0,0.0,0.3826834319505227,0.923879532683006
1449280288807154538,1308,1449280288,749816871,0.0,0.0,1.5,0.0,0.0,0.3826834319505227,0.923879532683006
1449280288827916569,1309,1449280288,769794529,0.0,0.0,1.5,0.0,0.0,0.3826834319505227,0.923879532683006
1449280288847478405,1310,1449280288,789797478,0.0,0.0,1.5,0.0,0.0,0.3826834319505227,0.923879532683006
1449280288868026155,1311,1449280288,809828341,0.0,0.0,1.5,0.0,0.0,0.3826834319505227,0.923879532683006
1449280288888148309,1312,1449280288,829851164,0.0,0.0,1.5,0.0,0.0,0.3826834319505227,0.923879532683006
1449280288909344745,1313,1449280288,849823280,0.0,0.0,1.5,0.0,0.0,0.3826834319505227,0.923879532683006
1449280288927657321,1314,1449280288,869825645,0.0,0.0,1.5,0.0,0.0,0.3826834319505227,0.923879532683006
1449280288948527692,1315,1449280288,889844760,0.0,0.0,1.5,0.0,0.0,0.3826834319505227,0.923879532683006
1449280288967321451,1316,1449280288,909867082,0.0,0.0,1.5,0.0,0.0,0.3826834319505227,0.923879532683006
1449280288987201186,1317,1449280288,929806325,0.0,0.0,1.5,0.0,0.0,0.3826834319505227,0.923879532683006
1449280289007917175,1318,1449280288,949839147,0.0,0.0,1.5,0.0,0.0,0.3826834319505227,0.923879532683006
1449280289032993176,1319,1449280288,970522061,0.0,0.0,1.5,0.0,0.0,0.3826834319505227,0.923879532683006
1449280289049450400,1320,1449280288,989846252,0.0,0.0,1.5,0.0,0.0,0.3826834319505227,0.923879532683006
1449280289070047422,1321,1449280289,9855867,0.0,0.0,1.5,0.0,0.0,0.3826834319505227,0.923879532683006
1449280289091440052,1322,1449280289,29825817,0.0,0.0,1.5,0.0,0.0,0.3826834319505227,0.923879532683006
1449280289107702487,1323,1449280289,49843473,0.0,0.0,1.5,0.0,0.0,0.3826834319505227,0.923879532683006
1449280289127585480,1324,1449280289,69837755,0.0,0.0,1.5,0.0,0.0,0.3826834319505227,0.923879532683006
1449280289147138595,1325,1449280289,89822496,0.0,0.0,1.5,0.0,0.0,0.3826834319505227,0.923879532683006
1449280289167929916,1326,1449280289,109797362,0.0,0.0,1.5,0.0,0.0,0.3826834319505227,0.923879532683006
1449280289189261858,1327,1449280289,129823893,0.0,0.0,1.5,0.0,0.0,0.3826834319505227,0.923879532683006
1449280289207175752,1328,1449280289,149861131,0.0,0.0,1.5,0.0,0.0,0.3826834319505227,0.923879532683006
1449280289228191289,1329,1449280289,169900911,0.0,0.0,1.5,0.0,0.0,0.3826834319505227,0.923879532683006
1449280289247344225,1330,1449280289,189842404,0.0,0.0,1.5,0.0,0.0,0.3826834319505227,0.923879532683006
1449280289268628283,1331,1449280289,209827978,0.0,0.0,1.5,0.0,0.0,0.3826834319505227,0.923879532683006
1449280289288023197,1332,1449280289,229836551,0.0,0.0,1.5,0.0,0.0,0.3826834319505227,0.923879532683006
1449280289307087366,1333,1449280289,250007158,0.0,0.0,1.5,0.0,0.0,0.3826834319505227,0.923879532683006
1449280289327546973,1334,1449280289,269838823,0.0,0.0,1.5,0.0,0.0,0.3826834319505227,0.923879532683006
1449280289349446797,1335,1449280289,289847355,0.0,0.0,1.5,0.0,0.0,0.3826834319505227,0.923879532683006
1449280289367137358,1336,1449280289,309797681,0.0,0.0,1.5,0.0,0.0,0.3826834319505227,0.923879532683006
1449280289387213330,1337,1449280289,329817170,0.0,0.0,1.5,0.0,0.0,0.3826834319505227,0.923879532683006
1449280289410580720,1338,1449280289,349818910,0.0,0.0,1.5,0.0,0.0,0.3826834319505227,0.923879532683006
1449280289429751324,1339,1449280289,369831149,0.0,0.0,1.5,0.0,0.0,0.3826834319505227,0.923879532683006
1449280289447236218,1340,1449280289,389806057,0.0,0.0,1.5,0.0,0.0,0.3826834319505227,0.923879532683006
1449280289467933595,1341,1449280289,409806214,0.0,0.0,1.5,0.0,0.0,0.3826834319505227,0.923879532683006
1449280289487379837,1342,1449280289,429810579,0.0,0.0,1.5,0.0,0.0,0.3826834319505227,0.923879532683006
1449280289507892623,1343,1449280289,449803195,0.0,0.0,1.5,0.0,0.0,0.3826834319505227,0.923879532683006
1449280289527218566,1344,1449280289,469805810,0.0,0.0,1.5,0.0,0.0,0.3826834319505227,0.923879532683006
1449280289547646021,1345,1449280289,489841465,0.0,0.0,1.5,0.0,0.0,0.3826834319505227,0.923879532683006
1449280289567171948,1346,1449280289,509806623,0.0,0.0,1.5,0.0,0.0,0.3826834319505227,0.923879532683006
1449280289590111330,1347,1449280289,529817530,0.0,0.0,1.5,0.0,0.0,0.3826834319505227,0.923879532683006
1449280289608059275,1348,1449280289,549828353,0.0,0.0,1.5,0.0,0.0,0.3826834319505227,0.923879532683006
1449280289627496561,1349,1449280289,569819885,0.0,0.0,1.5,0.0,0.0,0.3826834319505227,0.923879532683006
1449280289647716594,1350,1449280289,589824750,0.0,0.0,1.5,0.0,0.0,0.3826834319505227,0.923879532683006
1449280289667526833,1351,1449280289,609811241,0.0,0.0,1.5,0.0,0.0,0.3826834319505227,0.923879532683006
1449280289686839822,1352,1449280289,629828522,0.0,0.0,1.5,0.0,0.0,0.3826834319505227,0.923879532683006
1449280289707157122,1353,1449280289,649829470,0.0,0.0,1.5,0.0,0.0,0.3826834319505227,0.923879532683006
1449280289728739168,1354,1449280289,669818377,0.0,0.0,1.5,0.0,0.0,0.3826834319505227,0.923879532683006
1449280289747364419,1355,1449280289,689821367,0.0,0.0,1.5,0.0,0.0,0.3826834319505227,0.923879532683006
1449280289766767458,1356,1449280289,709886354,0.0,0.0,1.5,0.0,0.0,0.3826834319505227,0.923879532683006
1449280289787129928,1357,1449280289,729825181,0.0,0.0,1.5,0.0,0.0,0.3826834319505227,0.923879532683006
1449280289807132422,1358,1449280289,749893418,0.0,0.0,1.5,0.0,0.0,0.3826834319505227,0.923879532683006
1449280289827292776,1359,1449280289,769818536,0.0,0.0,1.5,0.0,0.0,0.3826834319505227,0.923879532683006
1449280289847132755,1360,1449280289,789799861,0.0,0.0,1.5,0.0,0.0,0.3826834319505227,0.923879532683006
1449280289867160411,1361,1449280289,809848349,0.0,0.0,1.5,0.0,0.0,0.3826834319505227,0.923879532683006
1449280289888440810,1362,1449280289,829969166,0.0,0.0,1.5,0.0,0.0,0.3826834319505227,0.923879532683006
1449280289907746337,1363,1449280289,849830746,0.0,0.0,1.5,0.0,0.0,0.3826834319505227,0.923879532683006
1449280289927775934,1364,1449280289,869869151,0.0,0.0,1.5,0.0,0.0,0.3826834319505227,0.923879532683006
1449280289946905870,1365,1449280289,889813769,0.0,0.0,1.5,0.0,0.0,0.3826834319505227,0.923879532683006
1449280289967850271,1366,1449280289,909842341,0.0,0.0,1.5,0.0,0.0,0.3826834319505227,0.923879532683006
1449280289987269763,1367,1449280289,929805292,0.0,0.0,1.5,0.0,0.0,0.3826834319505227,0.923879532683006
1449280290007708794,1368,1449280289,949811407,0.0,0.0,1.5,0.0,0.0,0.3826834319505227,0.923879532683006
1449280290027279136,1369,1449280289,969815563,0.0,0.0,1.5,0.0,0.0,0.3826834319505227,0.923879532683006
1449280290048268552,1370,1449280289,989803846,0.0,0.0,1.5,0.0,0.0,0.3826834319505227,0.923879532683006
1449280290066993810,1371,1449280290,9840709,0.0,0.0,1.5,0.0,0.0,0.3826834319505227,0.923879532683006
1449280290088260064,1372,1449280290,29807992,0.0,0.0,1.5,0.0,0.0,0.3826834319505227,0.923879532683006
1449280290107472713,1373,1449280290,49800566,0.0,0.0,1.5,0.0,0.0,0.3826834319505227,0.923879532683006
1449280290127512441,1374,1449280290,69809847,0.0,0.0,1.5,0.0,0.0,0.3826834319505227,0.923879532683006
1449280290147197530,1375,1449280290,89803880,0.0,0.0,1.5,0.0,0.0,0.3826834319505227,0.923879532683006
1449280290167779140,1376,1449280290,109810578,0.0,0.0,1.5,0.0,0.0,0.3826834319505227,0.923879532683006
1449280290187144329,1377,1449280290,129785652,0.0,0.0,1.5,0.0,0.0,0.3826834319505227,0.923879532683006
1449280290207851214,1378,1449280290,149790142,0.0,0.0,1.5,0.0,0.0,0.3826834319505227,0.923879532683006
1449280290228932335,1379,1449280290,169812215,0.0,0.0,1.5,0.0,0.0,0.3826834319505227,0.923879532683006
1449280290248079740,1380,1449280290,189786873,0.0,0.0,1.5,0.0,0.0,0.3826834319505227,0.923879532683006
1449280290271735399,1381,1449280290,209812736,0.0,0.0,1.5,0.0,0.0,0.3826834319505227,0.923879532683006
1449280290287059752,1382,1449280290,229823601,0.0,0.0,1.5,0.0,0.0,0.3826834319505227,0.923879532683006
1449280290307103297,1383,1449280290,249797926,0.0,0.0,1.5,0.0,0.0,0.3826834319505227,0.923879532683006
1449280290327243494,1384,1449280290,269805332,0.0,0.0,1.5,0.0,0.0,0.3826834319505227,0.923879532683006
1449280290347782407,1385,1449280290,289825780,0.0,0.0,1.5,0.0,0.0,0.3826834319505227,0.923879532683006
1449280290368796026,1386,1449280290,309963929,0.0,0.0,1.5,0.0,0.0,0.3826834319505227,0.923879532683006
1449280290387409482,1387,1449280290,329825218,0.0,0.0,1.5,0.0,0.0,0.3826834319505227,0.923879532683006
1449280290409804704,1388,1449280290,350046447,0.0,0.0,1.5,0.0,0.0,0.3826834319505227,0.923879532683006
1449280290427416766,1389,1449280290,369878529,0.0,0.0,1.5,0.0,0.0,0.3826834319505227,0.923879532683006
1449280290449526219,1390,1449280290,389852979,0.0,0.0,1.5,0.0,0.0,0.3826834319505227,0.923879532683006
1449280290467373455,1391,1449280290,409845011,0.0,0.0,1.5,0.0,0.0,0.3826834319505227,0.923879532683006
1449280290487548818,1392,1449280290,429853626,0.0,0.0,1.5,0.0,0.0,0.3826834319505227,0.923879532683006
1449280290507787627,1393,1449280290,449899572,0.0,0.0,1.5,0.0,0.0,0.3826834319505227,0.923879532683006
1449280290528479172,1394,1449280290,469814650,0.0,0.0,1.5,0.0,0.0,0.3826834319505227,0.923879532683006
1449280290547051555,1395,1449280290,489803349,0.0,0.0,1.5,0.0,0.0,0.3826834319505227,0.923879532683006
1449280290567172455,1396,1449280290,509801381,0.0,0.0,1.5,0.0,0.0,0.3826834319505227,0.923879532683006
1449280290587090435,1397,1449280290,529803162,0.0,0.0,1.5,0.0,0.0,0.3826834319505227,0.923879532683006
1449280290608741462,1398,1449280290,549827443,0.0,0.0,1.5,0.0,0.0,0.3826834319505227,0.923879532683006
1449280290627764948,1399,1449280290,569843390,0.0,0.0,1.5,0.0,0.0,0.3826834319505227,0.923879532683006
1449280290647850554,1400,1449280290,589822757,0.0,0.0,1.5,0.0,0.0,0.3826834319505227,0.923879532683006
1449280290667180253,1401,1449280290,609812872,0.0,0.0,1.5,0.0,0.0,0.3826834319505227,0.923879532683006
1449280290687751803,1402,1449280290,629859235,0.0,0.0,1.5,0.0,0.0,0.3826834319505227,0.923879532683006
1449280290707721045,1403,1449280290,649824060,0.0,0.0,1.5,0.0,0.0,0.3826834319505227,0.923879532683006
1449280290727363817,1404,1449280290,669828133,0.0,0.0,1.5,0.0,0.0,0.3826834319505227,0.923879532683006
1449280290747286302,1405,1449280290,689807166,0.0,0.0,1.5,0.0,0.0,0.3826834319505227,0.923879532683006
1449280290767675451,1406,1449280290,710018729,0.0,0.0,1.5,0.0,0.0,0.3826834319505227,0.923879532683006
1449280290787057234,1407,1449280290,729915558,0.0,0.0,1.5,0.0,0.0,0.3826834319505227,0.923879532683006
1449280290808717249,1408,1449280290,749809137,0.0,0.0,1.5,0.0,0.0,0.3826834319505227,0.923879532683006
1449280290827887334,1409,1449280290,769831917,0.0,0.0,1.5,0.0,0.0,0.3826834319505227,0.923879532683006
1449280290849065677,1410,1449280290,789796951,0.0,0.0,1.5,0.0,0.0,0.3826834319505227,0.923879532683006
1449280290867100890,1411,1449280290,809800566,0.0,0.0,1.5,0.0,0.0,0.3826834319505227,0.923879532683006
1449280290887182039,1412,1449280290,829832179,0.0,0.0,1.5,0.0,0.0,0.3826834319505227,0.923879532683006
1449280290907313910,1413,1449280290,849817628,0.0,0.0,1.5,0.0,0.0,0.3826834319505227,0.923879532683006
1449280290927249887,1414,1449280290,869796286,0.0,0.0,1.5,0.0,0.0,0.3826834319505227,0.923879532683006
1449280290946820306,1415,1449280290,889826192,0.0,0.0,1.5,0.0,0.0,0.3826834319505227,0.923879532683006
1449280290967610093,1416,1449280290,909824265,0.0,0.0,1.5,0.0,0.0,0.3826834319505227,0.923879532683006
1449280290987213939,1417,1449280290,929817589,0.0,0.0,1.5,0.0,0.0,0.3826834319505227,0.923879532683006
1449280291007204649,1418,1449280290,949817496,0.0,0.0,1.5,0.0,0.0,0.3826834319505227,0.923879532683006
1449280291031361186,1419,1449280290,969829444,0.0,0.0,1.5,0.0,0.0,0.3826834319505227,0.923879532683006
1449280291051236689,1420,1449280290,989840683,0.0,0.0,1.5,0.0,0.0,0.3826834319505227,0.923879532683006
1449280291067506581,1421,1449280291,9824674,0.0,0.0,1.5,0.0,0.0,0.3826834319505227,0.923879532683006
1449280291089691105,1422,1449280291,29805915,0.0,0.0,1.5,0.0,0.0,0.3826834319505227,0.923879532683006
1449280291107101048,1423,1449280291,49831321,0.0,0.0,1.5,0.0,0.0,0.3826834319505227,0.923879532683006
1449280291128239959,1424,1449280291,69830519,0.0,0.0,1.5,0.0,0.0,0.3826834319505227,0.923879532683006
1449280291149556111,1425,1449280291,89812343,0.0,0.0,1.5,0.0,0.0,0.3826834319505227,0.923879532683006
1449280291167610117,1426,1449280291,109790501,0.0,0.0,1.5,0.0,0.0,0.3826834319505227,0.923879532683006
1449280291187463022,1427,1449280291,129856821,0.0,0.0,1.5,0.0,0.0,0.3826834319505227,0.923879532683006
1449280291207552438,1428,1449280291,149821646,0.0,0.0,1.5,0.0,0.0,0.3826834319505227,0.923879532683006
1449280291229126242,1429,1449280291,169817678,0.0,0.0,1.5,0.0,0.0,0.3826834319505227,0.923879532683006
1449280291247294618,1430,1449280291,189830710,0.0,0.0,1.5,0.0,0.0,0.3826834319505227,0.923879532683006
1449280291267523320,1431,1449280291,210280219,0.0,0.0,1.5,0.0,0.0,0.3826834319505227,0.923879532683006
1449280291287768953,1432,1449280291,229975016,0.0,0.0,1.5,0.0,0.0,0.3826834319505227,0.923879532683006
1449280291308303953,1433,1449280291,250277324,0.0,0.0,1.5,0.0,0.0,0.3826834319505227,0.923879532683006
1449280291327394457,1434,1449280291,269810213,0.0,0.0,1.5,0.0,0.0,0.3826834319505227,0.923879532683006
1449280291347497203,1435,1449280291,289814036,0.0,0.0,1.5,0.0,0.0,0.3826834319505227,0.923879532683006
1449280291368025289,1436,1449280291,309827109,0.0,0.0,1.5,0.0,0.0,0.3826834319505227,0.923879532683006
1449280291387510662,1437,1449280291,329847681,0.0,0.0,1.5,0.0,0.0,0.3826834319505227,0.923879532683006
1449280291409622596,1438,1449280291,349850921,0.0,0.0,1.5,0.0,0.0,0.3826834319505227,0.923879532683006
1449280291427414049,1439,1449280291,369815121,0.0,0.0,1.5,0.0,0.0,0.3826834319505227,0.923879532683006
1449280291451089603,1440,1449280291,389797862,0.0,0.0,1.5,0.0,0.0,0.3826834319505227,0.923879532683006
1449280291467460296,1441,1449280291,409800894,0.0,0.0,1.5,0.0,0.0,0.3826834319505227,0.923879532683006
1449280291487103742,1442,1449280291,429794176,0.0,0.0,1.5,0.0,0.0,0.3826834319505227,0.923879532683006
1449280291506933235,1443,1449280291,449831039,0.0,0.0,1.5,0.0,0.0,0.3826834319505227,0.923879532683006
1449280291528126348,1444,1449280291,469813780,0.0,0.0,1.5,0.0,0.0,0.3826834319505227,0.923879532683006
1449280291546843639,1445,1449280291,489835394,0.0,0.0,1.5,0.0,0.0,0.3826834319505227,0.923879532683006
1449280291566963605,1446,1449280291,509815885,0.0,0.0,1.5,0.0,0.0,0.3826834319505227,0.923879532683006
1449280291588136600,1447,1449280291,529818958,0.0,0.0,1.5,0.0,0.0,0.3826834319505227,0.923879532683006
1449280291607293369,1448,1449280291,549804949,0.0,0.0,1.5,0.0,0.0,0.3826834319505227,0.923879532683006
1449280291628191870,1449,1449280291,569813814,0.0,0.0,1.5,0.0,0.0,0.3826834319505227,0.923879532683006
1449280291647591856,1450,1449280291,589846677,0.0,0.0,1.5,0.0,0.0,0.3826834319505227,0.923879532683006
1449280291667643057,1451,1449280291,609822502,0.0,0.0,1.5,0.0,0.0,0.3826834319505227,0.923879532683006
1449280291687776177,1452,1449280291,629827700,0.0,0.0,1.5,0.0,0.0,0.3826834319505227,0.923879532683006
1449280291707774537,1453,1449280291,649857605,0.0,0.0,1.5,0.0,0.0,0.3826834319505227,0.923879532683006
1449280291727380025,1454,1449280291,669800140,0.0,0.0,1.5,0.0,0.0,0.3826834319505227,0.923879532683006
1449280291748138751,1455,1449280291,690122655,0.0,0.0,1.5,0.0,0.0,0.3826834319505227,0.923879532683006
1449280291767941051,1456,1449280291,709806536,0.0,0.0,1.5,0.0,0.0,0.3826834319505227,0.923879532683006
1449280291788446479,1457,1449280291,730562738,0.0,0.0,1.5,0.0,0.0,0.3826834319505227,0.923879532683006
1449280291807347952,1458,1449280291,749802308,0.0,0.0,1.5,0.0,0.0,0.3826834319505227,0.923879532683006
1449280291827665632,1459,1449280291,769818631,0.0,0.0,1.5,0.0,0.0,0.3826834319505227,0.923879532683006
1449280291847150631,1460,1449280291,789795289,0.0,0.0,1.5,0.0,0.0,0.3826834319505227,0.923879532683006
1449280291867422328,1461,1449280291,809807028,0.0,0.0,1.5,0.0,0.0,0.3826834319505227,0.923879532683006
1449280291886791555,1462,1449280291,829804019,0.0,0.0,1.5,0.0,0.0,0.3826834319505227,0.923879532683006
1449280291908717926,1463,1449280291,849825341,0.0,0.0,1.5,0.0,0.0,0.3826834319505227,0.923879532683006
1449280291927557289,1464,1449280291,869803041,0.0,0.0,1.5,0.0,0.0,0.3826834319505227,0.923879532683006
1449280291948540272,1465,1449280291,889834321,0.0,0.0,1.5,0.0,0.0,0.3826834319505227,0.923879532683006
1449280291969081079,1466,1449280291,909817437,0.0,0.0,1.5,0.0,0.0,0.3826834319505227,0.923879532683006
1449280291988358339,1467,1449280291,930416938,0.0,0.0,1.5,0.0,0.0,0.3826834319505227,0.923879532683006
1449280292008181026,1468,1449280291,949849624,0.0,0.0,1.5,0.0,0.0,0.3826834319505227,0.923879532683006
1449280292028605458,1469,1449280291,969811657,0.0,0.0,1.5,0.0,0.0,0.3826834319505227,0.923879532683006
1449280292047560335,1470,1449280291,989812897,0.0,0.0,1.5,0.0,0.0,0.3826834319505227,0.923879532683006
1449280292076109156,1471,1449280292,9840136,0.0,0.0,1.5,0.0,0.0,0.3826834319505227,0.923879532683006
1449280292091226936,1472,1449280292,29869958,0.0,0.0,1.5,0.0,0.0,0.3826834319505227,0.923879532683006
1449280292110056474,1473,1449280292,49818159,0.0,0.0,1.5,0.0,0.0,0.3826834319505227,0.923879532683006
1449280292127982315,1474,1449280292,70259085,0.0,0.0,1.5,0.0,0.0,0.3826834319505227,0.923879532683006
1449280292150065809,1475,1449280292,89793140,0.0,0.0,1.5,0.0,0.0,0.3826834319505227,0.923879532683006
1449280292167585176,1476,1449280292,110028410,0.0,0.0,1.5,0.0,0.0,0.3826834319505227,0.923879532683006
1449280292188319799,1477,1449280292,129815203,0.0,0.0,1.5,0.0,0.0,0.3826834319505227,0.923879532683006
1449280292208473890,1478,1449280292,149957810,0.0,0.0,1.5,0.0,0.0,0.3826834319505227,0.923879532683006
1449280292229471218,1479,1449280292,169820849,0.0,0.0,1.5,0.0,0.0,0.3826834319505227,0.923879532683006
1449280292249932898,1480,1449280292,189871628,0.0,0.0,1.5,0.0,0.0,0.3826834319505227,0.923879532683006
1449280292270629168,1481,1449280292,209874035,0.0,0.0,1.5,0.0,0.0,0.3826834319505227,0.923879532683006
1449280292287335908,1482,1449280292,229807070,0.0,0.0,1.5,0.0,0.0,0.3826834319505227,0.923879532683006
1449280292310544520,1483,1449280292,249849933,0.0,0.0,1.5,0.0,0.0,0.3826834319505227,0.923879532683006
1449280292328686727,1484,1449280292,269811383,0.0,0.0,1.5,0.0,0.0,0.3826834319505227,0.923879532683006
1449280292347832744,1485,1449280292,289830122,0.0,0.0,1.5,0.0,0.0,0.3826834319505227,0.923879532683006
1449280292367514040,1486,1449280292,309920149,0.0,0.0,1.5,0.0,0.0,0.3826834319505227,0.923879532683006
1449280292389642707,1487,1449280292,329847893,0.0,0.0,1.5,0.0,0.0,0.3826834319505227,0.923879532683006
1449280292408327952,1488,1449280292,349812343,0.0,0.0,1.5,0.0,0.0,0.3826834319505227,0.923879532683006
1449280292431524392,1489,1449280292,369833041,0.0,0.0,1.5,0.0,0.0,0.3826834319505227,0.923879532683006
1449280292450913025,1490,1449280292,390217553,0.0,0.0,1.5,0.0,0.0,0.3826834319505227,0.923879532683006
1449280292470059836,1491,1449280292,409838687,0.0,0.0,1.5,0.0,0.0,0.3826834319505227,0.923879532683006
1449280292489948180,1492,1449280292,429850676,0.0,0.0,1.5,0.0,0.0,0.3826834319505227,0.923879532683006
1449280292507879774,1493,1449280292,449854458,0.0,0.0,1.5,0.0,0.0,0.3826834319505227,0.923879532683006
1449280292527492370,1494,1449280292,469798534,0.0,0.0,1.5,0.0,0.0,0.3826834319505227,0.923879532683006
1449280292548661201,1495,1449280292,489826190,0.0,0.0,1.5,0.0,0.0,0.3826834319505227,0.923879532683006
1449280292567588230,1496,1449280292,509805806,0.0,0.0,1.5,0.0,0.0,0.3826834319505227,0.923879532683006
1449280292587263171,1497,1449280292,529796546,0.0,0.0,1.5,0.0,0.0,0.3826834319505227,0.923879532683006
1449280292608079387,1498,1449280292,549863408,0.0,0.0,1.5,0.0,0.0,0.3826834319505227,0.923879532683006
1449280292632605702,1499,1449280292,569850690,0.0,0.0,1.5,0.0,0.0,0.3826834319505227,0.923879532683006
1449280292649074088,1500,1449280292,589926676,0.0,0.0,1.5,0.0,0.0,0.3826834319505227,0.923879532683006
1449280292667225463,1501,1449280292,609825005,0.0,0.0,1.5,0.0,0.0,0.3826834319505227,0.923879532683006
1449280292687994149,1502,1449280292,629824953,0.0,0.0,1.5,0.0,0.0,0.3826834319505227,0.923879532683006
1449280292709239512,1503,1449280292,649851484,0.0,0.0,1.5,0.0,0.0,0.3826834319505227,0.923879532683006
1449280292727906265,1504,1449280292,669788185,0.0,0.0,1.5,0.0,0.0,0.3826834319505227,0.923879532683006
1449280292747438275,1505,1449280292,689833881,0.0,0.0,1.5,0.0,0.0,0.3826834319505227,0.923879532683006
1449280292768074997,1506,1449280292,709805540,0.0,0.0,1.5,0.0,0.0,0.3826834319505227,0.923879532683006
1449280292788658543,1507,1449280292,729797822,0.0,0.0,1.5,0.0,0.0,0.3826834319505227,0.923879532683006
1449280292808379027,1508,1449280292,749787187,0.0,0.0,1.5,0.0,0.0,0.3826834319505227,0.923879532683006
1449280292830882526,1509,1449280292,769824884,0.0,0.0,1.5,0.0,0.0,0.3826834319505227,0.923879532683006
1449280292848326649,1510,1449280292,790034405,0.0,0.0,1.5,0.0,0.0,0.3826834319505227,0.923879532683006
1449280292867710443,1511,1449280292,809819489,0.0,0.0,1.5,0.0,0.0,0.3826834319505227,0.923879532683006
1449280292887347409,1512,1449280292,829854727,0.0,0.0,1.5,0.0,0.0,0.3826834319505227,0.923879532683006
1449280292907966628,1513,1449280292,849825302,0.0,0.0,1.5,0.0,0.0,0.3826834319505227,0.923879532683006
1449280292928027097,1514,1449280292,869814834,0.0,0.0,1.5,0.0,0.0,0.3826834319505227,0.923879532683006
1449280292947672164,1515,1449280292,889799700,0.0,0.0,1.5,0.0,0.0,0.3826834319505227,0.923879532683006
1449280292975796042,1516,1449280292,909855896,0.0,0.0,1.5,0.0,0.0,0.3826834319505227,0.923879532683006
1449280292988596531,1517,1449280292,929851136,0.0,0.0,1.5,0.0,0.0,0.3826834319505227,0.923879532683006
1449280293010774688,1518,1449280292,949852168,0.0,0.0,1.5,0.0,0.0,0.3826834319505227,0.923879532683006
1449280293028467875,1519,1449280292,969829617,0.0,0.0,1.5,0.0,0.0,0.3826834319505227,0.923879532683006
1449280293048300281,1520,1449280292,989810692,0.0,0.0,1.5,0.0,0.0,0.3826834319505227,0.923879532683006
1449280293067659031,1521,1449280293,9813307,0.0,0.0,1.5,0.0,0.0,0.3826834319505227,0.923879532683006
1449280293087564740,1522,1449280293,29868210,0.0,0.0,1.5,0.0,0.0,0.3826834319505227,0.923879532683006
1449280293107219975,1523,1449280293,49816620,0.0,0.0,1.5,0.0,0.0,0.3826834319505227,0.923879532683006
1449280293127347466,1524,1449280293,69835942,0.0,0.0,1.5,0.0,0.0,0.3826834319505227,0.923879532683006
1449280293147406702,1525,1449280293,89809558,0.0,0.0,1.5,0.0,0.0,0.3826834319505227,0.923879532683006
1449280293167614480,1526,1449280293,109831589,0.0,0.0,1.5,0.0,0.0,0.3826834319505227,0.923879532683006
1449280293187495130,1527,1449280293,129825163,0.0,0.0,1.5,0.0,0.0,0.3826834319505227,0.923879532683006
1449280293209575066,1528,1449280293,149840610,0.0,0.0,1.5,0.0,0.0,0.3826834319505227,0.923879532683006
1449280293227783585,1529,1449280293,169845183,0.0,0.0,1.5,0.0,0.0,0.3826834319505227,0.923879532683006
1449280293248028008,1530,1449280293,189890088,0.0,0.0,1.5,0.0,0.0,0.3826834319505227,0.923879532683006
1449280293267455455,1531,1449280293,209834164,0.0,0.0,1.5,0.0,0.0,0.3826834319505227,0.923879532683006
1449280293287353690,1532,1449280293,229806405,0.0,0.0,1.5,0.0,0.0,0.3826834319505227,0.923879532683006
1449280293307776456,1533,1449280293,249834186,0.0,0.0,1.5,0.0,0.0,0.3826834319505227,0.923879532683006
1449280293327816432,1534,1449280293,269827384,0.0,0.0,1.5,0.0,0.0,0.3826834319505227,0.923879532683006
1449280293347017927,1535,1449280293,289823125,0.0,0.0,1.5,0.0,0.0,0.3826834319505227,0.923879532683006
1449280293368096261,1536,1449280293,309887361,0.0,0.0,1.5,0.0,0.0,0.3826834319505227,0.923879532683006
1449280293390821851,1537,1449280293,329843229,0.0,0.0,1.5,0.0,0.0,0.3826834319505227,0.923879532683006
1449280293408235513,1538,1449280293,349796596,0.0,0.0,1.5,0.0,0.0,0.3826834319505227,0.923879532683006
1449280293427411035,1539,1449280293,369805669,0.0,0.0,1.5,0.0,0.0,0.3826834319505227,0.923879532683006
1449280293449975002,1540,1449280293,389817825,0.0,0.0,1.5,0.0,0.0,0.3826834319505227,0.923879532683006
1449280293468628133,1541,1449280293,409836606,0.0,0.0,1.5,0.0,0.0,0.3826834319505227,0.923879532683006
1449280293490684108,1542,1449280293,430140539,0.0,0.0,1.5,0.0,0.0,0.3826834319505227,0.923879532683006
1449280293509297832,1543,1449280293,449803296,0.0,0.0,1.5,0.0,0.0,0.3826834319505227,0.923879532683006
1449280293528747781,1544,1449280293,469810994,0.0,0.0,1.5,0.0,0.0,0.3826834319505227,0.923879532683006
1449280293548048313,1545,1449280293,489815025,0.0,0.0,1.5,0.0,0.0,0.3826834319505227,0.923879532683006
1449280293568691224,1546,1449280293,509850763,0.0,0.0,1.5,0.0,0.0,0.3826834319505227,0.923879532683006
1449280293587614107,1547,1449280293,529861961,0.0,0.0,1.5,0.0,0.0,0.3826834319505227,0.923879532683006
1449280293608053584,1548,1449280293,549827078,0.0,0.0,1.5,0.0,0.0,0.3826834319505227,0.923879532683006
1449280293627640932,1549,1449280293,569806611,0.0,0.0,1.5,0.0,0.0,0.3826834319505227,0.923879532683006
1449280293649487467,1550,1449280293,589799434,0.0,0.0,1.5,0.0,0.0,0.3826834319505227,0.923879532683006
1449280293667404179,1551,1449280293,609810549,0.0,0.0,1.5,0.0,0.0,0.3826834319505227,0.923879532683006
1449280293687060152,1552,1449280293,629869953,0.0,0.0,1.5,0.0,0.0,0.3826834319505227,0.923879532683006
1449280293709517344,1553,1449280293,649832944,0.0,0.0,1.5,0.0,0.0,0.3826834319505227,0.923879532683006
1449280293727843612,1554,1449280293,669788395,0.0,0.0,1.5,0.0,0.0,0.3826834319505227,0.923879532683006
1449280293747430732,1555,1449280293,689797843,0.0,0.0,1.5,0.0,0.0,0.3826834319505227,0.923879532683006
1449280293767853292,1556,1449280293,709806916,0.0,0.0,1.5,0.0,0.0,0.3826834319505227,0.923879532683006
1449280293788565148,1557,1449280293,729826863,0.0,0.0,1.5,0.0,0.0,0.3826834319505227,0.923879532683006
1449280293813299427,1558,1449280293,749846936,0.0,0.0,1.5,0.0,0.0,0.3826834319505227,0.923879532683006
1449280293827578025,1559,1449280293,769831260,0.0,0.0,1.5,0.0,0.0,0.3826834319505227,0.923879532683006
1449280293847027399,1560,1449280293,789834291,0.0,0.0,1.5,0.0,0.0,0.3826834319505227,0.923879532683006
1449280293867543508,1561,1449280293,809884529,0.0,0.0,1.5,0.0,0.0,0.3826834319505227,0.923879532683006
1449280293889209961,1562,1449280293,829831646,0.0,0.0,1.5,0.0,0.0,0.3826834319505227,0.923879532683006
1449280293907870372,1563,1449280293,849798555,0.0,0.0,1.5,0.0,0.0,0.3826834319505227,0.923879532683006
1449280293928338736,1564,1449280293,869871124,0.0,0.0,1.5,0.0,0.0,0.3826834319505227,0.923879532683006
1449280293947595138,1565,1449280293,889858615,0.0,0.0,1.5,0.0,0.0,0.3826834319505227,0.923879532683006
1449280293967777610,1566,1449280293,909792233,0.0,0.0,1.5,0.0,0.0,0.3826834319505227,0.923879532683006
1449280293988618115,1567,1449280293,929978381,0.0,0.0,1.5,0.0,0.0,0.3826834319505227,0.923879532683006
1449280294007867491,1568,1449280293,949906416,0.0,0.0,1.5,0.0,0.0,0.3826834319505227,0.923879532683006
1449280294027304341,1569,1449280293,969884657,0.0,0.0,1.5,0.0,0.0,0.3826834319505227,0.923879532683006
1449280294047351812,1570,1449280293,989815817,0.0,0.0,1.5,0.0,0.0,0.3826834319505227,0.923879532683006
1449280294067158151,1571,1449280294,9826640,0.0,0.0,1.5,0.0,0.0,0.3826834319505227,0.923879532683006
1449280294088145909,1572,1449280294,29802173,0.0,0.0,1.5,0.0,0.0,0.3826834319505227,0.923879532683006
1449280294108132693,1573,1449280294,50378259,0.0,0.0,1.5,0.0,0.0,0.3826834319505227,0.923879532683006
1449280294127673332,1574,1449280294,69834485,0.0,0.0,1.5,0.0,0.0,0.3826834319505227,0.923879532683006
1449280294147452399,1575,1449280294,89845057,0.0,0.0,1.5,0.0,0.0,0.3826834319505227,0.923879532683006
1449280294167737433,1576,1449280294,109826215,0.0,0.0,1.5,0.0,0.0,0.3826834319505227,0.923879532683006
1449280294188261853,1577,1449280294,129876327,0.0,0.0,1.5,0.0,0.0,0.3826834319505227,0.923879532683006
1449280294208189421,1578,1449280294,150022768,0.0,0.0,1.5,0.0,0.0,0.3826834319505227,0.923879532683006
1449280294227491086,1579,1449280294,169833393,0.0,0.0,1.5,0.0,0.0,0.3826834319505227,0.923879532683006
1449280294247395751,1580,1449280294,189808634,0.0,0.0,1.5,0.0,0.0,0.3826834319505227,0.923879532683006
1449280294267347459,1581,1449280294,209808707,0.0,0.0,1.5,0.0,0.0,0.3826834319505227,0.923879532683006
1449280294287294971,1582,1449280294,229796865,0.0,0.0,1.5,0.0,0.0,0.3826834319505227,0.923879532683006
1449280294307183309,1583,1449280294,249805646,0.0,0.0,1.5,0.0,0.0,0.3826834319505227,0.923879532683006
1449280294327943909,1584,1449280294,269883590,0.0,0.0,1.5,0.0,0.0,0.3826834319505227,0.923879532683006
1449280294347241570,1585,1449280294,289824750,0.0,0.0,1.5,0.0,0.0,0.3826834319505227,0.923879532683006
1449280294369111727,1586,1449280294,309811532,0.0,0.0,1.5,0.0,0.0,0.3826834319505227,0.923879532683006
1449280294387454648,1587,1449280294,329806731,0.0,0.0,1.5,0.0,0.0,0.3826834319505227,0.923879532683006
1449280294407626877,1588,1449280294,349812679,0.0,0.0,1.5,0.0,0.0,0.3826834319505227,0.923879532683006
1449280294427166993,1589,1449280294,369835834,0.0,0.0,1.5,0.0,0.0,0.3826834319505227,0.923879532683006
1449280294447304990,1590,1449280294,389822408,0.0,0.0,1.5,0.0,0.0,0.3826834319505227,0.923879532683006
1449280294468755688,1591,1449280294,409829356,0.0,0.0,1.5,0.0,0.0,0.3826834319505227,0.923879532683006
1449280294487577109,1592,1449280294,429856053,0.0,0.0,1.5,0.0,0.0,0.3826834319505227,0.923879532683006
1449280294508222451,1593,1449280294,449836128,0.0,0.0,1.5,0.0,0.0,0.3826834319505227,0.923879532683006
1449280294531812684,1594,1449280294,469881782,0.0,0.0,1.5,0.0,0.0,0.3826834319505227,0.923879532683006
1449280294549419767,1595,1449280294,489851690,0.0,0.0,1.5,0.0,0.0,0.3826834319505227,0.923879532683006
1449280294567150016,1596,1449280294,509856013,0.0,0.0,1.5,0.0,0.0,0.3826834319505227,0.923879532683006
1449280294587221949,1597,1449280294,529832296,0.0,0.0,1.5,0.0,0.0,0.3826834319505227,0.923879532683006
1449280294607845112,1598,1449280294,549811620,0.0,0.0,1.5,0.0,0.0,0.3826834319505227,0.923879532683006
1449280294627964079,1599,1449280294,570073347,0.0,0.0,1.5,0.0,0.0,0.3826834319505227,0.923879532683006
1449280294648841037,1600,1449280294,589818600,0.0,0.0,1.5,0.0,0.0,0.3826834319505227,0.923879532683006
1449280294668777569,1601,1449280294,611192854,0.0,0.0,1.5,0.0,0.0,0.3826834319505227,0.923879532683006
1449280294692470367,1602,1449280294,629817747,0.0,0.0,1.5,0.0,0.0,0.3826834319505227,0.923879532683006
1449280294713275508,1603,1449280294,649843985,0.0,0.0,1.5,0.0,0.0,0.3826834319505227,0.923879532683006
1449280294727645119,1604,1449280294,669838017,0.0,0.0,1.5,0.0,0.0,0.3826834319505227,0.923879532683006
1449280294751219681,1605,1449280294,689830841,0.0,0.0,1.5,0.0,0.0,0.3826834319505227,0.923879532683006
1449280294767267877,1606,1449280294,709869287,0.0,0.0,1.5,0.0,0.0,0.3826834319505227,0.923879532683006
1449280294788721335,1607,1449280294,729901442,0.0,0.0,1.5,0.0,0.0,0.3826834319505227,0.923879532683006
1449280294807507551,1608,1449280294,749808812,0.0,0.0,1.5,0.0,0.0,0.3826834319505227,0.923879532683006
1449280294828193674,1609,1449280294,769829843,0.0,0.0,1.5,0.0,0.0,0.3826834319505227,0.923879532683006
1449280294847929708,1610,1449280294,789824291,0.0,0.0,1.5,0.0,0.0,0.3826834319505227,0.923879532683006
1449280294868313783,1611,1449280294,809863321,0.0,0.0,1.5,0.0,0.0,0.3826834319505227,0.923879532683006
1449280294887602422,1612,1449280294,829845520,0.0,0.0,1.5,0.0,0.0,0.3826834319505227,0.923879532683006
1449280294907648536,1613,1449280294,849899799,0.0,0.0,1.5,0.0,0.0,0.3826834319505227,0.923879532683006
1449280294930746927,1614,1449280294,869897247,0.0,0.0,1.5,0.0,0.0,0.3826834319505227,0.923879532683006
1449280294947943026,1615,1449280294,889954943,0.0,0.0,1.5,0.0,0.0,0.3826834319505227,0.923879532683006
1449280294967779066,1616,1449280294,909848813,0.0,0.0,1.5,0.0,0.0,0.3826834319505227,0.923879532683006
1449280294989638136,1617,1449280294,929991796,0.0,0.0,1.5,0.0,0.0,0.3826834319505227,0.923879532683006
1449280295007955649,1618,1449280294,949956954,0.0,0.0,1.5,0.0,0.0,0.3826834319505227,0.923879532683006
1449280295027996893,1619,1449280294,969837950,0.0,0.0,1.5,0.0,0.0,0.3826834319505227,0.923879532683006
1449280295047848562,1620,1449280294,989842815,0.0,0.0,1.5,0.0,0.0,0.3826834319505227,0.923879532683006
1449280295069868797,1621,1449280295,9849805,0.0,0.0,1.5,0.0,0.0,0.3826834319505227,0.923879532683006
1449280295088248003,1622,1449280295,29890459,0.0,0.0,1.5,0.0,0.0,0.3826834319505227,0.923879532683006
1449280295107518025,1623,1449280295,50068690,0.0,0.0,1.5,0.0,0.0,0.3826834319505227,0.923879532683006
1449280295128245301,1624,1449280295,69864482,0.0,0.0,1.5,0.0,0.0,0.3826834319505227,0.923879532683006
1449280295148517596,1625,1449280295,89872097,0.0,0.0,1.5,0.0,0.0,0.3826834319505227,0.923879532683006
1449280295167446507,1626,1449280295,109865212,0.0,0.0,1.5,0.0,0.0,0.3826834319505227,0.923879532683006
1449280295187774048,1627,1449280295,129904533,0.0,0.0,1.5,0.0,0.0,0.3826834319505227,0.923879532683006
1449280295208094350,1628,1449280295,149853401,0.0,0.0,1.5,0.0,0.0,0.3826834319505227,0.923879532683006
1449280295229418814,1629,1449280295,169882098,0.0,0.0,1.5,0.0,0.0,0.3826834319505227,0.923879532683006
1449280295249076335,1630,1449280295,189965167,0.0,0.0,1.5,0.0,0.0,0.3826834319505227,0.923879532683006
1449280295267720489,1631,1449280295,209886119,0.0,0.0,1.5,0.0,0.0,0.3826834319505227,0.923879532683006
1449280295289070547,1632,1449280295,229833903,0.0,0.0,1.5,0.0,0.0,0.3826834319505227,0.923879532683006
1449280295307818017,1633,1449280295,249867433,0.0,0.0,1.5,0.0,0.0,0.3826834319505227,0.923879532683006
1449280295328143622,1634,1449280295,269874048,0.0,0.0,1.5,0.0,0.0,0.3826834319505227,0.923879532683006
1449280295349395143,1635,1449280295,289915827,0.0,0.0,1.5,0.0,0.0,0.3826834319505227,0.923879532683006
1449280295368574415,1636,1449280295,309890694,0.0,0.0,1.5,0.0,0.0,0.3826834319505227,0.923879532683006
1449280295390402262,1637,1449280295,329882601,0.0,0.0,1.5,0.0,0.0,0.3826834319505227,0.923879532683006
1449280295407952450,1638,1449280295,349881716,0.0,0.0,1.5,0.0,0.0,0.3826834319505227,0.923879532683006
1449280295429984466,1639,1449280295,369817292,0.0,0.0,1.5,0.0,0.0,0.3826834319505227,0.923879532683006
1449280295450545037,1640,1449280295,389954358,0.0,0.0,1.5,0.0,0.0,0.3826834319505227,0.923879532683006
1449280295470698767,1641,1449280295,410096716,0.0,0.0,1.5,0.0,0.0,0.3826834319505227,0.923879532683006
1449280295487387101,1642,1449280295,429818470,0.0,0.0,1.5,0.0,0.0,0.3826834319505227,0.923879532683006
1449280295507718364,1643,1449280295,449847167,0.0,0.0,1.5,0.0,0.0,0.3826834319505227,0.923879532683006
1449280295529006815,1644,1449280295,469837408,0.0,0.0,1.5,0.0,0.0,0.3826834319505227,0.923879532683006
1449280295548578276,1645,1449280295,489841981,0.0,0.0,1.5,0.0,0.0,0.3826834319505227,0.923879532683006
1449280295568123968,1646,1449280295,509969631,0.0,0.0,1.5,0.0,0.0,0.3826834319505227,0.923879532683006
1449280295587527385,1647,1449280295,529865584,0.0,0.0,1.5,0.0,0.0,0.3826834319505227,0.923879532683006
1449280295607496394,1648,1449280295,549824743,0.0,0.0,1.5,0.0,0.0,0.3826834319505227,0.923879532683006
1449280295629059422,1649,1449280295,569858815,0.0,0.0,1.5,0.0,0.0,0.3826834319505227,0.923879532683006
1449280295647575067,1650,1449280295,589841222,0.0,0.0,1.5,0.0,0.0,0.3826834319505227,0.923879532683006
1449280295670254760,1651,1449280295,609860961,0.0,0.0,1.5,0.0,0.0,0.3826834319505227,0.923879532683006
1449280295687786616,1652,1449280295,629867117,0.0,0.0,1.5,0.0,0.0,0.3826834319505227,0.923879532683006
1449280295708624453,1653,1449280295,649838775,0.0,0.0,1.5,0.0,0.0,0.3826834319505227,0.923879532683006
1449280295727836508,1654,1449280295,669816850,0.0,0.0,1.5,0.0,0.0,0.3826834319505227,0.923879532683006
1449280295749139407,1655,1449280295,689802215,0.0,0.0,1.5,0.0,0.0,0.3826834319505227,0.923879532683006
1449280295768408671,1656,1449280295,709825871,0.0,0.0,1.5,0.0,0.0,0.3826834319505227,0.923879532683006
1449280295787422193,1657,1449280295,729865942,0.0,0.0,1.5,0.0,0.0,0.3826834319505227,0.923879532683006
1449280295807821029,1658,1449280295,749887014,0.0,0.0,1.5,0.0,0.0,0.3826834319505227,0.923879532683006
1449280295827685576,1659,1449280295,769875630,0.0,0.0,1.5,0.0,0.0,0.3826834319505227,0.923879532683006
1449280295847967829,1660,1449280295,789851329,0.0,0.0,1.5,0.0,0.0,0.3826834319505227,0.923879532683006
1449280295868333699,1661,1449280295,809858694,0.0,0.0,1.5,0.0,0.0,0.3826834319505227,0.923879532683006
1449280295887987461,1662,1449280295,829887807,0.0,0.0,1.5,0.0,0.0,0.3826834319505227,0.923879532683006
1449280295907653970,1663,1449280295,849862257,0.0,0.0,1.5,0.0,0.0,0.3826834319505227,0.923879532683006
1449280295928024552,1664,1449280295,869832623,0.0,0.0,1.5,0.0,0.0,0.3826834319505227,0.923879532683006
1449280295948512470,1665,1449280295,890233635,0.0,0.0,1.5,0.0,0.0,0.3826834319505227,0.923879532683006
1449280295967239062,1666,1449280295,909841686,0.0,0.0,1.5,0.0,0.0,0.3826834319505227,0.923879532683006
1449280295988841302,1667,1449280295,929829385,0.0,0.0,1.5,0.0,0.0,0.3826834319505227,0.923879532683006
1449280296008867133,1668,1449280295,949920204,0.0,0.0,1.5,0.0,0.0,0.3826834319505227,0.923879532683006
1449280296027570587,1669,1449280295,969850697,0.0,0.0,1.5,0.0,0.0,0.3826834319505227,0.923879532683006
1449280296047588488,1670,1449280295,989873728,0.0,0.0,1.5,0.0,0.0,0.3826834319505227,0.923879532683006
